m/z,"Compound ID",Adducts,Formula,"Mass Error (ppm)","Retention time (min)",Sample,"Compound Class",,
559.3247,"Cucurbitacin C",M-H,C32H48O8,-5.21210107443969,13.6900833333333,"AR,SU",Terpenoids,,
269.1793,"1H-Indene-4-carboxylic acid, octahydro-3a-hydroxy-3-(hydroxymethyl)-1,1,3,5-tetramethyl-",M-H,C15H26O4,12.9194297718506,13.3183333333333,"AR, CA",Monoterpenoids,,
389.201592131687,"1-Naphthalenecarboxylic acid, 3-(acetyloxy)-5-[2-(3-furanyl)ethyl]-3,4,4a,5,6,7,8,8a-octahydro-8a-(hydroxymethyl)-5,6-dimethyl-",M-H,C22H30O6,11.8652843006649,13.1831333333333,"AR, SU",Diterpenoids,,
461.213601740046,"methyl 4,10-diacetyloxy-5,9-dihydroxy-1,4a-dimethyl-7-propan-2-yl-2,3,4,9,10,10a-hexahydrophenanthrene-1-carboxylate",M-H,C25H34O8,-9.7136053626828,11.4929,"CA, SU, RJ",Diterpenoids,,
345.129450641261,"Gibberellic acid",M-H,C19H22O6,3.86405534058466,11.05355,"AR, CA, PA, SU",Diterpenoids,,
349.202575032177,"1-Naphthalenecarboxylic acid, 5-[(3E)-4-carboxy-3-methyl-3-buten-1-yl]decahydro-3-hydroxy-1,4a-dimethyl-6-methylene-",M-H,C20H30O5,1.5059686889843,9.93821666666667,"AR, CA, PA, SU, RJ",Diterpenoids,,
635.4116981258,"Fasciculic acid B",M-H,C36H60O9,-7.47763194408265,21.0250833333333,"AR, PA, SU",Triterpenoid,,
571.252917659925,"[6-(furan-3-yl)-12,16,21-trihydroxy-7,15-dimethyl-9-oxo-3,17,19-trioxaheptacyclo[9.9.3.01,10.02,4.02,7.011,18.015,23]tricosan-14-yl] 2-methylbutanoate",M-H,C31H40O10,-3.41344693764138,20.38295,"AR, PA",Triterpenoid,,
573.240190623772,"7,11-Methano-2H,4H-oxireno[1,8]cycloocta[1,2-f][2]benzopyran-8-acetic acid, 4-(3-furanyl)dodecahydro-alpha,11-dihydroxy-4a,7,9,9-tetramethyl-2,13-dioxo-10-(1-oxopropoxy)-, methyl ester, (alphaR,4R,4aR,7S,8S,10S,11S,11aR,12aS)-",M-H,C30H38O11,-8.3353718058511,19.5718333333333,"AR, CA",Triterpenoids,,
809.435908080216,"1-O-[(2alpha,3beta,5xi,9xi)-3-(Hexopyranuronosyloxy)-2-hydroxy-28-oxoolean-12-en-28-yl]hexopyranose",M-H,C42H66O15,3.71785889459753,15.1102666666667,RJ,"Terpene glycosides",,
537.156654327094,"Cyclopenta[c]pyran-4-carboxylic acid, 6-(acetyloxy)-5-(benzoyloxy)-1-(hexopyranosyloxy)-1,4a,5,6,7,7a-hexahydro-7-methyl-",M-H,C25H30O13,-8.75238155247284,9.90443333333333,"AR, PA, SU","Terpene glycosides",,
293.103278893906,"Pentalenolactone O",M-H,C15H18O6,0.737924710497567,9.87063333333333,"CA, SU, RJ","Terpene lactone",,
475.154703004705,"Spiro[furan-3(2H),1'(4'H)-naphthalene]-4'a,5'(5'H)-dicarboxylic acid, 6'-(acetyloxy)-5-(3-furanyl)-4,5,6',7',8',8'a-hexahydro-5'-hydroxy-2'-methyl-2-oxo-, dimethyl ester",M-H,C24H28O10,-13.1626938448463,1.04796666666667,"AR, SU, RJ","Diterpene lactones",,
599.184212940658,"5,6-dibenzoyloxy-7-methyl-1-[3,4,5-trihydroxy-6-(hydroxymethyl)oxan-2-yl]oxy-1,4a,5,6,7,7a-hexahydrocyclopenta[c]pyran-4-carboxylic acid",M-H,C30H32O13,11.9934697471463,1.01416666666667,PA,"Terpene glycosides",,
473.148534120901,"Bipinnatin B",M-H,C24H26O10,6.77740352090555,6.32181666666667,"AR, RJ",Sesquiterpenes,,
487.193002085091,"Oxireno[4',5']pyrano[4',3':5,6]naphth[2,1-c]oxepin-3,10,12(1H,4H,10aH)-trione, 8-(3-furanyl)decahydro-5,6-dihydroxy-1,1,5a,7a,11b-pentamethyl-",M-H,C26H32O9,-8.91856590114276,8.04551666666667,"CA, RJ",Triterpenoids,,
331.153982541955,"Gibberellin A20",M-H,C19H24O5,-3.35647145250452,13.3512833333333,"CA, PA, RJ, SU",Diterpenoids,,
403.128510665457,"Cyclopenta[c]pyran-4,7-dicarboxylic acid, 1-(beta-D-glucopyranosyloxy)-1,4a,5,6,7,7a-hexahydro-, 4-methyl ester, (1S,4aS,7S,7aS)-",M-H,C17H24O11,9.7134450152958,13.7253166666667,"CA, SU, RJ",Monoterpenoids,,
395.212867997773,"Microporenic acid E",M-H,C21H32O7,13.4802298332883,10.5483166666667,"CA, RJ",Diterpenoids,,
783.454403898405,"Astragaloside IV",M-H,C41H68O14,0.985996626984295,20.5531,"CA, RJ",Triterpenoid,,
535.140472269218,Vaccinoside,M-H,C25H28O13,-9.77752826296655,6.83026666666667,"AR, CA, PA, SU","Terpene glycosides",,
437.155661485633,"1-[3-[(2E)-3,7-dimethylocta-2,6-dienyl]-2,6-dihydroxyphenyl]-7-hydroxy-3-oxo-1H-2-benzofuran-5-carboxylic acid",M-H,C25H26O7,-11.2177401227552,7.77663333333333,"CA, SU","Terpene lactones",,
345.133783469637,"Gibberellin A30",M-H,C19H22O6,-1.67134259147838,13.8252,"AR, PA, SU",Diterpenoids,,
591.314146827838,"2-[3-(6-acetyloxy-2-hydroxy-6-methyl-3-oxoheptan-2-yl)-6-(carboxymethyl)-2-hydroxy-3a,5a,9b-trimethyl-5-oxo-2,3,4,6,9,9a-hexahydro-1H-cyclopenta[a]naphthalen-7-yl]-2-methylpropanoic acid",M-H,C32H48O10,-5.61258859195816,11.7972333333333,"CA, PA",Triterpenoids,,
455.172278250596,Dehydroaustinol,M-H,C25H28O8,2.49206913654504,19.4363333333333,"AR, PA, SU, RJ",Meroterpenoid,,
677.422225078364,Peniciside,M-H,C38H62O10,-7.07021090729252,15.1775666666667,"CA, PA",Triterpenoids,,
495.156896921794,"Cyclopenta[c]pyran-4-carboxylic acid, 6-(benzoyloxy)-1-(hexopyranosyloxy)-1,4a,5,6,7,7a-hexahydro-5-hydroxy-7-methyl-",M-H,C23H28O12,12.2884649154529,1.01416666666667,"PA, RJ","Terpene glycosides",,
537.154956551645,"Cyclopenta[c]pyran-4-carboxylic acid, 6-(acetyloxy)-5-(benzoyloxy)-1-(hexopyranosyloxy)-1,4a,5,6,7,7a-hexahydro-7-methyl-",M-H,C25H30O13,-11.9071091230403,9.93836666666667,"AR, PA, SU","Terpene glycosides",,
665.39573762475,"Hexopyranose, 1-O-(20,24-epoxy-1,3,25-trihydroxy-28-oxo-9,19-cyclolanostan-28-yl)-",M-H,C36H58O11,7.65515832693339,13.9269333333333,"AR, PA, RJ","Terpene glycosides",,
651.413248998168,"2-hydroxy-2-[9-hydroxy-5a,5b,8,11a,13b-pentamethyl-8-[[3,4,5-trihydroxy-6-(hydroxymethyl)oxan-2-yl]oxymethyl]-1,2,3,3a,4,5,6,7,7a,9,10,11,11b,12,13,13a-hexadecahydrocyclopenta[a]chrysen-3-yl]propanoic acid",M-H,C36H60O10,2.87746276725436,14.56925,AR,"Terpene glycosides",,
507.363754857375,"4,4,10,13,14-pentamethyl-17-(1,5,6-trihydroxy-6-methylheptan-2-yl)-2,3,5,6,7,11,12,15,16,17-decahydro-1H-cyclopenta[a]phenanthrene-2,3,12-triol",M-H,C30H52O6,-10.5396232739085,25.3515,AR,Triterpenoids,,
533.276191796293,"9-Hydroxy-9-[({(2E)-2-(hydroxymethyl)-3-[3-(hydroxymethyl)-6-isopropyl-2-cyclohexen-1-yl]-2-propenoyl}oxy)methyl]-6-isopropyl-1-oxo-1,3,5a,6,7,8,9,9a-octahydro-2-benzoxepine-4-carboxylic acid",M-H,C29H42O9,1.09549703347689,25.8930333333333,SU,"Terpene lactones",,
793.445028734101,"Hexopyranose, 1-O-[3-[(6-deoxyhexopyranosyl)oxy]-27-hydroxy-27,28-dioxoolean-12-en-28-yl]-",M-H,C42H66O14,8.87207215920826,21.3292333333333,"AR, SU, RJ","Terpene glycosides",,
503.339235394407,Arjungenin,M-H,C30H48O6,2.82062761662228,19.1324666666667,"CA, SU, RJ",Triterpenoids,,
541.155492762267,Cornuside/7-galloylsecologanol,M-H,C24H30O14,-1.45056166991559,0.946566666666667,"AR, SU, PA, RJ","Terpene glycosides",,
427.282906518745,"(3beta,5alpha,8xi,14xi,25S)-3-Hydroxyspirost-9(11)-en-12-one",M-H,C27H40O4,-5.78298562633639,10.7831833333333,"CA, PA, SU",Triterpenoids,,
383.258593259902,Terpestacin,M-H2O-H,C25H38O4,-1.43015132401305,15.1102666666667,"AR, CA,  SU, RJ",Terpenoid,,
553.237567287629,"6-(furan-3-yl)-12,16,21-trihydroxy-7,15-dimethyl-9-oxo-3,17,19-trioxaheptacyclo[9.9.3.0¹,¹⁰.0²,⁴.0²,⁷.0¹¹,¹⁸.0¹⁵,²³]tricosan-14-yl 2-methylbutanoate",M-H2O-H,C31H40O10,-11.7761952288338,15.1778666666667,"AR, CA",Triterpenoids,,
385.108753318877,Secoxyloganin,M-H2O-H,C17H24O11,-13.033236088108,15.34685,"AR,CA, SU","Terpene glycosides",,
329.179908571238,"2(5H)-Furanone, 3-[2-[(1R,4aS,5R,6R,8aS)-decahydro-6-hydroxy-5-(hydroxymethyl)-5,8a-dimethyl-2-methylene-1-naphthalenyl]acetyl]-",M-H2O-H,C20H28O5,11.7052542382299,11.8308833333333,"AR, RJ","Diterpene lactone",,
507.254158013858,"Macrocarpal A",M+Cl,C28H40O6,4.80160444402385,12.03365,CA,Sesquiterpenoid,,
401.201105107055,"Trichoverrol A",M-H2O-H,C23H32O7,9.85891944171082,12.16885,PA,Sesquiterpenoids,,
305.154408112742,"1H-Indene-4-carboxylic acid, octahydro-3a-hydroxy-3-(hydroxymethyl)-1,1,3,5-tetramethyl-",M+Cl,C15H26O4,7.02301741667263,12.20265,SU,"Iridoid monoterpenoid",,
367.127677292104,"Gibberellin A4",M+Cl,C19H24O5,-12.3369643839447,12.5406166666667,"AR, CA, PA, SU",Diterpenoids,,
437.158766019967,Dehydroaustinol,M-H2O-H,C25H28O8,-3.96931201138043,12.6420166666667,"AR, CA",Meroterpenoid,,
365.152133542896,"15-Hydroxy-7-oxodehydroabietic acid",M+Cl,C20H26O4,-1.14200016279177,15.4144333333333,SU,Diterpenoids,,
585.24067556963,"[6-(furan-3-yl)-6,8,12,16,21-pentahydroxy-7,15-dimethyl-9-oxo-3,17,19-trioxaheptacyclo[9.9.3.01,10.02,4.02,7.011,18.015,23]tricosan-14-yl] 2-methylbutanoate_Butanoic acid, 2-methyl-, 9-(3-furanyl)decahydro-2,6,8,9,14-pentahydroxy-3,8a-dimethyl-7-oxo-12H,13aH-3,6a,11b-[1,1,3]propanetriyl-2H,8H-oxireno[3',3a']indeno[5',4':4,5]pyrano[2,3-b]oxocin-4-yl ester",M-H2O-H,C31H40O12,10.8232531492966,22.4452166666667,RJ,Triterpenoids,,
531.12041693553,"Cyclopenta[c]pyran-4-carboxylic acid, 6-(benzoyloxy)-1-(hexopyranosyloxy)-1,4a,5,6,7,7a-hexahydro-5-hydroxy-7-methyl-",M+Cl,C23H28O12,-14.2307411425026,22.8169666666667,RJ,"Terpene glycosides",,
569.25596518522,"9-Hydroxy-9-[({(2E)-2-(hydroxymethyl)-3-[3-(hydroxymethyl)-6-isopropyl-2-cyclohexen-1-yl]-2-propenoyl}oxy)methyl]-6-isopropyl-1-oxo-1,3,5a,6,7,8,9,9a-octahydro-2-benzoxepine-4-carboxylic acid",M+Cl,C29H42O9,6.8895380284636,25.5212166666667,RJ,"Terpene lactone",,
423.153135245837,"Mycophenolic acid IV",M+Cl,C22H28O6,-12.5059561900769,18.4564666666667,"PA, SU","Terpene lactone",,
585.13806178408,"2H-Pyran-4-acetic acid, 5-carboxy-2-(beta-D-glucopyranosyloxy)-3,4-dihydro-3-[2-[[(2Z)-1-oxo-3-phenyl-2-propen-1-yl]oxy]ethylidene]-, alpha-methyl ester, (2S,3Z,4S)-",M+Cl,C26H30O13,-0.131845788540062,5.44306666666667,PA,"Terpene glycosides",,
649.214218110464,"Scropheanoside I",M-H2O-H,C31H40O16,0.634562450938018,6.32181666666667,"CA, SU","Terpene glycosides",,
329.077782996603,"Pentalenolactone O",M+Cl,C15H18O6,-6.65259857523358,5.13883333333333,"AR, CA, PA, SU","Terpene lactone",,
721.202964274731,"Methyl (2S,3Z,4S)-3-ethylidene-2-[(6-O-hexopyranosylhexopyranosyl)oxy]-4-{2-[2-(4-hydroxyphenyl)ethoxy]-2-oxoethyl}-3,4-dihydro-2H-pyran-5-carboxylate",M+Cl,C31H42O17,-12.5857965738353,0.980366666666667,CA,"Terpene glycoside",,
397.103022092184,DEACETYLORIENTALIDE,M+Cl,C19H22O7,-8.09708451509407,6.38941666666667,"AR, PA","Terpene lactones",,
331.096493496646,"4-Hydroxy-4-(hydroxymethyl)-6,6-dimethyl-3-oxo-1,3,4,5,6,7,7a,9a-octahydropentaleno[1,6a-c]pyran-9-carboxylic acid",M+Cl,C15H20O6,3.72759544653733,1.08176666666667,"AR, SU","Terpene lactones",,
309.134747109203,"Methyl 2-[1,3,8-trihydroxy-8-(hydroxymethyl)-4a-methyl-5-oxo-2,3,4,6,7,8a-hexahydro-1H-naphthalen-2-yl]prop-2-enoate",M-H2O-H,C16H24O7,1.17360968334537,10.1410666666667,"AR, SU",Sesquiterpenoids,,
425.172375059886,"1-Naphthalenecarboxylic acid, 3-(acetyloxy)-5-[2-(3-furanyl)ethyl]-3,4,4a,5,6,7,8,8a-octahydro-8a-(hydroxymethyl)-5,6-dimethyl-",M+Cl,C22H30O6,-3.24168588779379,10.2086666666667,"AR, SU"," Diterpenoids",,
389.128191506207,"Ginkgolide A",M-H2O-H,C20H24O9,9.80119705905867,10.9183666666667,"CA, SU, RJ","Terpene lactones",,
365.113838736923,"Gibberellin A7",M+Cl,C19H22O5,-6.92530397064856,11.05355,"AR, CA, PA, SU",Diterpenoids,,
405.122854361873,"Ginkgolide B",M-H2O-H,C20H24O10,8.83798645646091,11.05355,"AR, CA, PA, SU","Diterpene lactone",,
897.5167,"Chikusetsusaponin III",M-H2O-H,C47H80O17,-5.50027686159019,16.7335166666667,"CA, PA","Terpene glycosides",,
445.198,Forskolin,M+Cl,C22H34O7,-4.4718583033984,19.0659166666667,"CA, PA",diterpenoid,,
343.1568,"Gibberellin A19",M-H2O-H,C20H26O6,4.78460642322719,8.28356666666667,"CA, PA",diterpenoid,,
327.1645,"Gibberellin A44",M-H2O-H,C20H26O5,12.378619317151,11.2580166666667,"CA, PA",diterpenoid,,
521.1648,"2H-Pyran-4-acetic acid, 2-(beta-D-glucopyranosyloxy)-3,4-dihydro-3-(2-hydroxyethylidene)-5-(methoxycarbonyl)-, 2-(4-hydroxyphenyl)ethyl ester, (2S,3Z,4S)-",M-H2O-H,C25H32O13,-3.03174060712063,6.05073333333333,PA,"Terpene glycosides",,
573.1407,"Cyclopenta[c]pyran-4-carboxylic acid, 1-[[6-O-[(2E)-3-(3,4-dihydroxyphenyl)-1-oxo-2-propen-1-yl]-beta-D-glucopyranosyl]oxy]-1,4a,5,6,7,7a-hexahydro-7-hydroxy-7-methyl-, (1S,4aS,7S,7aS)-",M+Cl,C25H30O13,4.94181044239886,10.5467333333333,PA,"Terpene glycosides",,
743.3988,ChiococcasaponinV+Arap,M-H2O-H,C41H62O13,-3.21229353657801,14.33255,PA,"Terpene glycosides",,68
645.1319,Rutin,M+Cl,C27H30O16,14.9325843189092,26.3343166666667,CA,Flavonoids,,
451.0784,Puerarin,M+Cl,C21H20O9,-4.24677291567431,10.14275,CA,Flavonoids,,
629.124,Kaempferol-7-neohesperidoside,M+Cl,C27H30O15,-6.56061280351868,1.21765,CA,Flavonoids,,
461.0705,Myricetin-3-Galactoside,M-H2O-H,C21H20O13,-4.20684914163084,1.18385,CA,Flavonoids,,
353.0076,Myricetin,M+Cl,C15H10O8,1.84411308196867,14.3337166666667,CA,Flavonoids,,
307.04,Naringenin,M+Cl,C15H12O5,7.79433772143163,8.38343333333333,"AR, CA",Flavonoids,,
573.1625,Fortunellin,M-H2O-H,C28H32O14,1.9689344391412,16.4960833333333,AR,Flavonoids,,
901.1745,"Procyanidin C1",M+Cl,C45H38O18,-0.804447882402209,18.0849166666667,AR,Flavonoids,,
469.0524,Quercetin-3-Arabinoside,M+Cl,C20H18O11,-4.32433082975648,17.3072666666667,AR,Flavonoids,,
575.1439,Kaempferol-7-neohesperidoside,M-H2O-H,C27H30O15,5.42448442638021,14.8058166666667,AR,Flavonoids,,
319.041,Wogonin,M+Cl,C16H12O5,10.9557421885221,10.9521666666667,"AR, CA",Flavonoids,,
429.0795,Quercitrin,M-H2O-H,C21H20O11,-7.09460704166963,10.27615,AR,Flavonoids,,
445.0807,Isoquercitrin,M-H2O-H,C21H20O12,6.58962864657453,10.0395833333333,AR,Flavonoids,,
219.0417,7-Hydroxyflavone,M-H2O-H,C15H10O3,-14.6504510568478,9.972,AR,Flavonoids,,
487.093,"Quercetin 3-(6-O-acetyl-beta-glucoside)",M-H2O-H,C23H22O13,10.8073291005209,9.02563333333333,AR,Flavonoids,,
335.0362,Diosmetin,M+Cl,C16H12O6,11.517469070521,8.78898333333333,AR,Flavonoids,,
271.065,(-)-Epicatechin,M-H2O-H,C15H14O6,12.9488111176089,8.6538,AR,Flavonoids,,
399.1106,Liquiritin,M-H2O-H,C21H22O9,4.90785699826608,13.65655,"AR, CA",Flavonoids,,
539.1354,"5,7-dihydroxy-2-(4-methoxyphenyl)-3-[3,5,7-trihydroxy-2-(4-hydroxyphenyl)-3,4-dihydro-2H-chromen-6-yl]-2,3-dihydrochromen-4-one",M-H2O-H,C31H26O10,1.2369348235283,13.3181833333333,PA,Isoflavonoids,,
445.1055,"6aα,12aα,5'α-rotenolone",M+Cl,C23H22O7,-1.05449921326812,15.6169333333333,PA,Isoflavonoids,,
759.1893,"5-[[(2R,3S,4S,5R,6S)-3,4-dihydroxy-6-[[5-hydroxy-2-(4-hydroxyphenyl)-4-oxo-2,3-dihydrochromen-7-yl]oxy]-5-[(2S,3R,4R,5R,6S)-3,4,5-trihydroxy-6-methyloxan-2-yl]oxyoxan-2-yl]methoxy]-3-hydroxy-3-methyl-5-oxopentanoic acid",M+Cl,C33H40O18,-2.19866159745335,1.25073333333333,PA,Flavonoids,,
559.1463,Vitexin-2-O-rhamnoside,M-H2O-H,C27H30O14,1.09171858515453,6.01693333333333,PA,Flavonoids,,
901.2032,"(2S,3R)-5-hydroxy-3-[(2S,3R)-5-hydroxy-2-(4-hydroxyphenyl)-4-oxo-7-[(2S,3R,4S,5S,6R)-3,4,5-trihydroxy-6-(hydroxymethyl)oxan-2-yl]oxy-2,3-dihydrochromen-3-yl]-2-(4-hydroxyphenyl)-7-[(2S,3R,4S,5S,6R)-3,4,5-trihydroxy-6-(hydroxymethyl)oxan-2-yl]oxy-2,3-dihydrochromen-4-one",M+Cl,C42H42O20,7.93731825171007,9.46508333333333,PA,Flavonoids,,
539.102,"3',4,5',6,8'-pentahydroxy-2',8'-bis(4-hydroxyphenyl)spiro[1-benzofuran-2,9'-3,4-dihydro-2H-furo[2,3-h]chromene]-3-one",M-H2O-H,C30H22O11,6.45889099872773,15.0085833333333,PA,Flavonoids,,
929.2344,"[2-[5,7-dihydroxy-2-(4-hydroxy-3-methoxyphenyl)-4-oxochromen-6-yl]-4-[4,5-dihydroxy-6-(hydroxymethyl)-3-[3,4,5-trihydroxy-6-(hydroxymethyl)oxan-2-yl]oxyoxan-2-yl]oxy-5-hydroxy-6-(hydroxymethyl)oxan-3-yl] (E)-3-(3,4-dihydroxyphenyl)prop-2-enoate",M-H2O-H,C43H48O24,-1.42743187646354,1.08175,PA," Flavonoids",,
735.2164,"5-[[(2R,3S,4S,5R,6S)-3,4-dihydroxy-6-[[5-hydroxy-2-(4-hydroxy-3-methoxyphenyl)-4-oxo-2,3-dihydrochromen-7-yl]oxy]-5-[(2S,3R,4R,5R,6S)-3,4,5-trihydroxy-6-methyloxan-2-yl]oxyoxan-2-yl]methoxy]-3-hydroxy-3-methyl-5-oxopentanoic acid",M-H2O-H,C34H42O19,2.8913109893737,1.04796666666667,PA,Flavonoids,,
723.223395170379,"5-[[(2R,3S,4S,5R,6S)-3,4-dihydroxy-6-[[5-hydroxy-2-(4-hydroxyphenyl)-4-oxo-2,3-dihydrochromen-7-yl]oxy]-5-[(2S,3R,4R,5R,6S)-3,4,5-trihydroxy-6-methyloxan-2-yl]oxyoxan-2-yl]methoxy]-3-hydroxy-3-methyl-5-oxopentanoic acid",M-H,C33H40O18,12.7131933421292,1.21693333333333,PA,Flavonoids,,
415.1068322513,"Prunin__5-hydroxy-2-(4-hydroxyphenyl)-7-[(2S,3R,4S,5S,6R)-3,4,5-trihydroxy-6-(hydroxymethyl)oxan-2-yl]oxy-2,3-dihydrochromen-4-one",M-H2O-H,C21H22O10,7.8061,8.75525,"AR, CA, PA,SU, RJ",Flavonoids,,
569.142554244361,"Isochamaejasmenin B_3-[5,7-dihydroxy-2-(4-methoxyphenyl)-4-oxo-2,3-dihydrochromen-3-yl]-5,7-dihydroxy-2-(4-methoxyphenyl)-2,3-dihydrochromen-4-one",M-H,C32H26O10,-4.85195204374779,13.4873,"CA, PA, RJ",Flavonoids,,
461.112475475263,"Hispidulin 4'-glucoside_5,7-dihydroxy-6-methoxy-2-[4-[(2S,3R,4S,5S,6R)-3,4,5-trihydroxy-6-(hydroxymethyl)oxan-2-yl]oxyphenyl]chromen-4-one",M-H,C22H22O11,7.66124726681318,13.01415,"AR, CA, PA, RJ",Flavonoids,,
301.07355145,Hesperetin,M-H,C16H14O6,5.9246602188727,10.1072666666667,"AR, CA, PA, RJ",Flavonoids,,
431.098983544793,Isovitexin,M-H,C21H20O10,1.41895806485592,14.5350666666667,"AR,SU,CA, PA",Flavonoids,,
577.158727100419,"5-hydroxy-2-(4-hydroxyphenyl)-8-[3,4,5-trihydroxy-6-(hydroxymethyl)oxan-2-yl]-7-(3,4,5-trihydroxy-6-methyloxan-2-yl)oxychromen-4-one",M-H,C27H30O14,4.23391695198195,6.01765,PA,Flavonoids,,
343.084132747991,Santin,M-H,C18H16O7,5.2495917792725,5.98383333333333,"AR, CA",Flavonoids,,
569.150026279162,"Chamaejasmenin B",M-H,C32H26O10,8.25337245953075,1.04796666666667,"AR, PA",Flavonoids,,
315.090621281678,"Eriodictyol 7,3'-dimethyl ether",M-H,C17H16O6,10.1535499238829,1.04796666666667,"AR, CA, PA, SU",Flavonoids,,
547.146908754621,"Chrysin 6-C-glucoside 8-C-arabinoside",M-H,C26H28O13,2.17865158161481,9.87063333333333,"AR, PA",Flavonoids,,
593.148708795299,kaempferol-7-O-hexosyl(1-2)deoxyhexoside,M-H,C27H30O15,-4.18243334915744,6.22043333333333,AR,Flavonoids,,
555.129720220425,"Sikokianin C",M-H,C31H24O10,0.0893433632912573,6.35561666666667," CA, RJ",Flavonoids,,
563.135250306354,Corymboside,M-H,C26H28O14,-9.53443838593693,9.80303333333333,"CA, PA, SU, RJ",Flavonoids,,
445.081278585534,Baicalin,M-H,C21H18O11,8.16800797579869,9.3299,"CA, PA, RJ,SU",Flavonoids,,
547.26836095627,"1-[2,4,6-trihydroxy-3-[7-hydroxy-2-(4-hydroxyphenyl)-3,4-dihydro-2H-chromen-4-yl]phenyl]dodecan-1-one",M-H,C33H40O7,-3.22141937234088,7.0992,CA,Flavonoids,,
461.104587869151,Scoparin,M-H,C22H22O11,-9.40719983673992,12.9119166666667,"AR,CA,  RJ",Flavonoids,,
299.055016647222,Kaempferide,M-H,C16H12O6,-3.64930551704773,12.9119166666667,"AR, PA, CA, RJ",Flavonoids,,
425.083273674815,"Hispidulin acetate",M-H,C22H18O9,-10.6362327919339,1.11556666666667,"AR, CA, PA,  RJ, SU",Flavonoids,,
285.041518217748,Fisetin,M-H,C15H10O6,3.69382989963653,10.9177666666667,"CA, PA, SU, RJ",Flavonoids,,
477.105434786508,Isorhamnetin-3-O-glucoside,M-H,C22H22O12,3.31529253641495,15.4830333333333,"AR, CA, RJ",Flavonoids,,
599.107300986063,"3'-Galloylquercitrin_[(2S,3R,4R,5S,6S)-2-[2-(3,4-dihydroxyphenyl)-5,7-dihydroxy-4-oxochromen-3-yl]oxy-3,5-dihydroxy-6-methyloxan-4-yl] 3,4,5-trihydroxybenzoate",M-H,C28H24O15,5.0946447130952,1.08181666666667,"AR, CA, PA, RJ, SU",Flavonoids,,
289.070377737435,Catechin,M-H,C15H14O6,-4.77110277746051,9.56791666666667,"AR, CA, PA, RJ",Flavonoids,,
315.049819453632,3'-O-Methylquercetin,M-H,C16H12O7,-3.81839716916437,7.40478333333333,"AR, CA, PA,RJ, SU",Flavonoids,,
287.058209295757,Eriodictyol,M-H,C15H12O6,7.28181936127655,7.16821666666667,"AR, CA, RJ, SU",Flavonoids,,
269.04736935729,Apigenin,M-H,C15H10O5,6.74820121077711,7.03303333333333,"AR, CA, PA, RJ, SU",Flavonoids,,
405.120540457619,"3,5-Dihydroxy-2-(4-hydroxyphenyl)-3,4-dihydro-2H-chromen-7-yl pentofuranoside",M-H,C20H22O9,3.53241774452142,6.89785,"AR, CA, PA",Flavonoids,,
595.165380408152,"Eriocitrin_2-(3,4-dihydroxyphenyl)-5-hydroxy-7-[(2S,3R,4S,5S,6R)-3,4,5-trihydroxy-6-[[(2R,3R,4R,5R,6S)-3,4,5-trihydroxy-6-methyloxan-2-yl]oxymethyl]oxan-2-yl]oxy-2,3-dihydrochromen-4-one",M-H,C27H32O15,-2.45478533583642,0.946583333333333,"AR, PA",Flavonoids,,
797.207832792712,"[3,4-dihydroxy-6-[5-hydroxy-2-(4-hydroxyphenyl)-4-oxo-7-[3,4,5-trihydroxy-6-(hydroxymethyl)oxan-2-yl]oxychromen-3-yl]oxy-5-[(2S,3R,4R,5R,6S)-3,4,5-trihydroxy-6-methyloxan-2-yl]oxyoxan-2-yl]methyl acetate",M-H,C35H42O21,-8.45520943360679,17.8476333333333,PA,Flavonoids,,
493.103678504435,"2-(3,4-dihydroxyphenyl)-3,5-dihydroxy-8-methoxy-7-[(2S,3R,4S,5S,6R)-3,4,5-trihydroxy-6-(hydroxymethyl)oxan-2-yl]oxychromen-4-one",M-H,C22H22O13,9.94559104532182,10.5467333333333,PA,Flavonoids,,
723.223395170379,"5-[[(2R,3S,4S,5R,6S)-3,4-dihydroxy-6-[[5-hydroxy-2-(4-hydroxyphenyl)-4-oxo-2,3-dihydrochromen-7-yl]oxy]-5-[(2S,3R,4R,5R,6S)-3,4,5-trihydroxy-6-methyloxan-2-yl]oxyoxan-2-yl]methoxy]-3-hydroxy-3-methyl-5-oxopentanoic acid",M-H,C33H40O18,12.7131933421292,1.21693333333333,PA,Flavonoids,,
623.155780823406,"3-[(2S,3R,4S,5S,6R)-4,5-dihydroxy-6-(hydroxymethyl)-3-[(2S,3R,4S,5R,6R)-3,4,5-trihydroxy-6-(hydroxymethyl)oxan-2-yl]oxyoxan-2-yl]oxy-5-hydroxy-2-(4-hydroxyphenyl)-7-methoxychromen-4-one",M-H,C28H32O16,-9.57702714970352,1.18313333333333,PA,Flavonoids,,
595.165738891465,"Neoeriocitrin_(2S)-7-[(2S,3R,4S,5S,6R)-4,5-dihydroxy-6-(hydroxymethyl)-3-[(2S,3R,4R,5R,6S)-3,4,5-trihydroxy-6-methyloxan-2-yl]oxyoxan-2-yl]oxy-2-(3,4-dihydroxyphenyl)-5-hydroxy-2,3-dihydrochromen-4-one",M-H,C27H32O15,-1.85347893629481,1.08175,"AR, PA",Flavonoids,,
785.213124622528,methoxy-myricetin-3-O-hexosyl-7-O-deoxyhexosyl(1-2)deoxyhexoside,M-H,C34H42O21,-1.8535520936158,1.21693333333333,"CA, PA, SU",Flavonoids,,
491.126795293705,"aceoside_5-hydroxy-2-(4-hydroxy-3-methoxyphenyl)-6-methoxy-7-[(2S,3R,4S,5S,6R)-3,4,5-trihydroxy-6-(hydroxymethyl)oxan-2-yl]oxychromen-4-one",M-H,C23H24O12,14.824475434408,9.46508333333333,"CA, PA",Flavonoids,,
703.176589741531,"3',4,5',6-tetrahydroxy-2',8'-bis(4-hydroxyphenyl)-5-[3,4,5-trihydroxy-6-(hydroxymethyl)oxan-2-yl]spiro[1-benzofuran-2,9'-2,3,4,8-tetrahydrofuro[2,3-h]chromene]-3-one",M-H,C36H32O15,13.8401193822351,15.1438,"AR, CA",Flavonoids,,
865.218954945235,"
(2S,3R)-5-hydroxy-3-[(2S,3R)-5-hydroxy-2-(4-hydroxyphenyl)-4-oxo-7-[(2S,3R,4S,5S,6R)-3,4,5-trihydroxy-6-(hydroxymethyl)oxan-2-yl]oxy-2,3-dihydrochromen-3-yl]-2-(4-hydroxyphenyl)-7-[(2S,3R,4S,5S,6R)-3,4,5-trihydroxy-6-(hydroxymethyl)oxan-2-yl]oxy-2,3-dihydrochromen-4-one",M-H,C42H42O20,-0.822372136626862,17.9497333333333,"AR, CA, RJ",Flavonoids,,
519.120727104206,"[2-(3,4-dihydroxyphenyl)-5-hydroxy-7-methoxy-4-oxo-3-[(2S,3R,4R,5R,6S)-3,4,5-trihydroxy-6-methyloxan-2-yl]oxychromen-8-yl] acetate",M-H,C24H24O13,12.1369909346142,1.31836666666667,"AR, CA, RJ",Flavonoids,,
615.09003406786,"Gallomyricitrin_[(2S,3R,4R,5R,6S)-2-[5,7-dihydroxy-4-oxo-2-(3,4,5-trihydroxyphenyl)chromen-3-yl]oxy-4,5-dihydroxy-6-methyloxan-3-yl] 3,4,5-trihydroxybenzoate",M-H,C28H24O16,-14.8094262062059,8.89043333333333,"AR, CA, PA, SU",Flavonoids,,
599.0963303972,"Kaempferol 3-O-(6''-galloyl)-beta-D-glucopyranoside_[6-[5,7-dihydroxy-2-(4-hydroxyphenyl)-4-oxochromen-3-yl]oxy-3,4,5-trihydroxyoxan-2-yl]methyl 3,4,5-trihydroxybenzoate",M-H,C28H24O15,-13.1862722434854,10.0733833333333,"AR, PA, RJ",Flavonoids,,
463.094709802846,"Spiraeoside_3,5,7-trihydroxy-2-[3-hydroxy-4-[(2S,3R,4S,5S,6R)-3,4,5-trihydroxy-6-(hydroxymethyl)oxan-2-yl]oxyphenyl]chromen-4-one",M-H,C21H20O12,14.0276280678577,13.5549,"SU, RJ",Flavonoids,,
421.119095962354,"Catechin 7-arabinofuranoside_(2R,3S)-7-[(2S,3R,4R,5S)-3,4-dihydroxy-5-(hydroxymethyl)oxolan-2-yl]oxy-2-(3,4-dihydroxyphenyl)-3,4-dihydro-2H-chromene-3,5-diol",M-H,C20H22O10,12.0237790674627,12.03365,"CA, PA, SU",Flavonoids,,
865.229217769249,"(2S,3R)-5-hydroxy-3-[(2S,3R)-5-hydroxy-2-(4-hydroxyphenyl)-4-oxo-7-[(2S,3R,4S,5S,6R)-3,4,5-trihydroxy-6-(hydroxymethyl)oxan-2-yl]oxy-2,3-dihydrochromen-3-yl]-2-(4-hydroxyphenyl)-7-[(2S,3R,4S,5S,6R)-3,4,5-trihydroxy-6-(hydroxymethyl)oxan-2-yl]oxy-2,3-dihydrochromen-4-one",M-H,C42H42O20,11.0253590945385,18.6255166666667,"AR, CA, SU, RJ",Flavonoids,,
533.128663490261,"Apigenin 6-C-α-L-arabinopyranosyl-8-C-β-D-xylopyranoside_5,7-dihydroxy-2-(4-hydroxyphenyl)-6,8-bis(3,4,5-trihydroxyoxan-2-yl)chromen-4-one",M-H,C25H26O13,-2.62285695437315,1.62258333333333,"SU, CA, PA",Flavonoids,,
519.109375015436,"[(2S,3R,4S,5R,6S)-6-[2-(3,5-dihydroxy-4-methoxyphenyl)-5,7-dihydroxy-4-oxochromen-3-yl]oxy-4,5-dihydroxy-2-methyloxan-3-yl] acetate",M-H,C24H24O13,-9.68884130901252,1.35215,SU,Flavonoids,,
557.103108089396,"3',4,5',6,8'-pentahydroxy-2',8'-bis(4-hydroxyphenyl)spiro[1-benzofuran-2,9'-3,4-dihydro-2H-furo[2,3-h]chromene]-3-one",M-H,C30H22O11,-10.4404767034334,6.32181666666667,"PA, SU",Flavonoids,,
615.146294050261,"Isonaringin_5-hydroxy-2-(4-hydroxyphenyl)-7-[(2S,3R,4S,5S,6R)-3,4,5-trihydroxy-6-[[(2R,3R,4R,5R,6S)-3,4,5-trihydroxy-6-methyloxan-2-yl]oxymethyl]oxan-2-yl]oxy-2,3-dihydrochromen-4-one",M+Cl,C27H32O14,-3.98661275093317,14.0957,"AR,CA, PA, SU, RJ",Flavonoids,,
645.130645932329,"Quercetin 3-O-rhamnoside 7-O-glucoside_2-(3,4-dihydroxyphenyl)-5-hydroxy-7-[(2S,3R,4S,5S,6R)-3,4,5-trihydroxy-6-(hydroxymethyl)oxan-2-yl]oxy-3-[(2S,3R,4R,5R,6S)-3,4,5-trihydroxy-6-methyloxan-2-yl]oxychromen-4-one",M+Cl,C27H30O16,12.8816088934721,14.4336666666667,"AR,CA, PA, RJ, SU",Flavonoids,,
613.138672919641,"Kaempferitrin_5-hydroxy-2-(4-hydroxyphenyl)-3,7-bis[[(2S,3R,4R,5R,6S)-3,4,5-trihydroxy-6-methyloxan-2-yl]oxy]chromen-4-one",M+Cl,C27H30O14,9.88644760640024,14.4674666666667,"AR, PA",Flavonoids,,
609.072206650566,"2,2'-bis(3,4-dihydroxyphenyl)-3',4,5',6-tetrahydroxyspiro[2H-1-benzofuran-3,9'-3,4-dihydro-2H-furo[2,3-h]chromene]-8'-one",M+Cl,C30H22O12,-14.493343388426,12.4054333333333,SU,Flavonoids,,
413.090280127181,Apigetrin,M-H2O-H,C21H20O10,5.72640093764138,12.7772,"AR, PA, SU",Flavonoids,,
673.159255331746,"3,4-dimethoxy-myricetin-3-O-dideoxyhexosyl(1-2)-dideoxyhexoside",M+Cl,C29H34O16,8.0995807755923,20.38295,"PA, RJ, SU",Flavonoids,,
575.146274201592,"Vicenin__5,7-dihydroxy-2-(4-hydroxyphenyl)-6,8-bis[3,4,5-trihydroxy-6-(hydroxymethyl)oxan-2-yl]chromen-4-one",M-H2O-H,C27H30O15,9.50094356015918,17.2397,"PA, RJ",Flavonoids,,
469.05268209458,Quercetin-3-O-pentoside,M+Cl,C20H18O11,-3.75640294595402,17.4087666666667,"AR,PA, SU",Flavonoids,,
537.116726258619,"Sikokianin C_3-[5,7-dihydroxy-2-(4-methoxyphenyl)-4-oxo-2,3-dihydrochromen-3-yl]-5,7-dihydroxy-2-(4-hydroxyphenyl)-2,3-dihydrochromen-4-one",M-H2O-H,C31H24O10,-4.27877822824039,25.75785,"AR,PA",Flavonoids,,
551.131464379656,"Chamaejasmenin B_3-[5,7-dihydroxy-2-(4-methoxyphenyl)-4-oxo-2,3-dihydrochromen-3-yl]-5,7-dihydroxy-2-(4-methoxyphenyl)-2,3-dihydrochromen-4-one",M-H2O-H,C32H26O10,-5.77306808949925,5.30788333333333,"AR, CA, PA",Flavonoids,,
251.031540477922,Baicalein,M-H2O-H,C15H10O5,-12.7449901636405,5.6121,"AR,CA, PA, RJ, SU",Flavonoids,,
581.139546898482,"1,3,4-trihydroxy-5-[(E)-3-[2-(4-hydroxy-3-methoxyphenyl)-3-(hydroxymethyl)-7-methoxy-2,3-dihydro-1-benzofuran-5-yl]prop-2-enoyl]oxycyclohexane-1-carboxylic acid",M+Cl,C27H30O12,-6.55615267605465,5.78108333333333,"CA, PA, RJ",Flavonoids,,
645.117364440061,"3-[(2S,3R,4S,5S,6R)-4,5-dihydroxy-6-(hydroxymethyl)-3-[(2S,3R,4S,5R)-3,4,5-trihydroxyoxan-2-yl]oxyoxan-2-yl]oxy-2-(3,4-dihydroxyphenyl)-5-hydroxy-7-methoxychromen-4-one",M+Cl,C27H30O16,-8.88585580727718,5.81486666666667,"PA, SU",Flavonoids,,
573.082882845229,"Lithospermic acid_4-[(E)-3-[1-carboxy-2-(3,4-dihydroxyphenyl)ethoxy]-3-oxoprop-1-enyl]-2-(3,4-dihydroxyphenyl)-7-hydroxy-2,3-dihydro-1-benzofuran-3-carboxylic acid",M+Cl,C27H22O12,4.37717202675245,6.01765,"CA, PA",Flavonoids,,
577.158727100419,"6,8-Di-C-glucopyranosylnaringenin_5,7-dihydroxy-2-(4-hydroxyphenyl)-6,8-bis[3,4,5-trihydroxy-6-(hydroxymethyl)oxan-2-yl]-2,3-dihydrochromen-4-one",M-H2O-H,C27H32O15,4.10601650720763,6.01765,PA,Flavonoids,,
593.090776287175,"(2S,3S)-8-[(2R,3S)-5,7-dihydroxy-2-(4-hydroxyphenyl)-4-oxo-2,3-dihydrochromen-3-yl]-3,5,7-trihydroxy-2-(4-hydroxyphenyl)-2,3-dihydrochromen-4-one",M+Cl,C30H22O11,9.25159736996835,2.06201666666667,"AR, PA, SU",Flavonoids,,
469.049191569119,Avicularin,M+Cl,C20H18O11,-11.7975151088652,1.18316666666667,"AR,SU",Flavonoids,,
675.129994178537,"Rhamnetin 3-sophoroside__3-[(2S,3R,4S,5S,6R)-4,5-dihydroxy-6-(hydroxymethyl)-3-[(2S,3R,4S,5S,6R)-3,4,5-trihydroxy-6-(hydroxymethyl)oxan-2-yl]oxyoxan-2-yl]oxy-2-(3,4-dihydroxyphenyl)-5-hydroxy-7-methoxychromen-4-one",M+Cl,C28H32O17,-5.24346962166412,1.38593333333333,"PA, RJ",Flavonoids,,
609.082445272519,"2,2'-bis(3,4-dihydroxyphenyl)-3',4,5',6-tetrahydroxyspiro[2H-1-benzofuran-3,9'-3,4-dihydro-2H-furo[2,3-h]chromene]-8'-one",M+Cl,C30H22O12,3.34052445926849,10.17485,"RJ, SU",Flavonoids,,
517.092154734136,"Silibinin_(2R,3R)-3,5,7-trihydroxy-2-[(2R,3R)-3-(4-hydroxy-3-methoxyphenyl)-2-(hydroxymethyl)-2,3-dihydro-1,4-benzodioxin-6-yl]-2,3-dihydrochromen-4-one",M+Cl,C25H22O10,3.02109242032715,10.4114333333333,"CA, PA, RJ"," Flavonolignan",,
631.149576487821,"6,8-Di-C-glucopyranosylnaringenin_5,7-dihydroxy-2-(4-hydroxyphenyl)-6,8-bis[3,4,5-trihydroxy-6-(hydroxymethyl)oxan-2-yl]-2,3-dihydrochromen-4-one",M+Cl,C27H32O15,10.1562076835705,10.8507666666667,"CA, PA, SU",Flavonoids,,
523.101575245788,"Chamaejasmin__3-[5,7-dihydroxy-2-(4-hydroxyphenyl)-4-oxo-2,3-dihydrochromen-3-yl]-5,7-dihydroxy-2-(4-hydroxyphenyl)-2,3-dihydrochromen-4-one",M-H2O-H,C30H22O10,-3.46884610981223,11.01975,"PA, RJ",Flavonoids,,
469.092765096203,"5,7-dihydroxy-2-(4-hydroxyphenyl)-6-[3,4,5-trihydroxy-6-(hydroxymethyl)oxan-2-yl]-2,3-dihydrochromen-4-one",M+Cl,C21H22O10,4.76110036040962,11.05355,"AR, PA, SU",Flavonoids,,
431.097815507002,"(2R,3R)-3,5,7-trihydroxy-2-(4-hydroxyphenyl)-6-[(3R,4R,5S,6R)-3,4,5-trihydroxy-6-(hydroxymethyl)oxan-2-yl]-2,3-dihydrochromen-4-one",M-H2O-H,C21H22O11,-1.23277874549026,10.6818,"AR, CA, PA, SU",Flavonoids,,
605.14366358472,"Isorhamnetin-3-O-neohespeidoside_[(2S,3R,4S,5S,6R)-4,5-dihydroxy-6-(hydroxymethyl)-3-[(2S,3R,4R,5R,6S)-3,4,5-trihydroxy-6-methyloxan-2-yl]oxyoxan-2-yl]oxy-5,7-dihydroxy-2-(4-hydroxy-3-methoxyphenyl)chromen-4-one",M-H2O-H,C28H32O16,-12.0644153401812,10.0734,"AR, PA",Flavonoids,,
427.104179374152,Swertisin,M-H2O-H,C22H22O10,1.62196473693445,6.82876666666667,"AR, CA, PA, RJ, SU",Flavonoids,,
459.098734677496,"Isorhamnetin 3-galactoside__5,7-dihydroxy-2-(4-hydroxy-3-methoxyphenyl)-3-[3,4,5-trihydroxy-6-(hydroxymethyl)oxan-2-yl]oxychromen-4-one",M-H2O-H,C22H22O12,11.3983066661119,10.0734,"CA, PA, SU",Flavonoids,,
589.15002123857,"Diosmin_ 5-hydroxy-2-(3-hydroxy-4-methoxyphenyl)-7-[(2S,3R,4S,5S,6R)-3,4,5-trihydroxy-6-[[(2R,3R,4R,5R,6S)-3,4,5-trihydroxy-6-methyloxan-2-yl]oxymethyl]oxan-2-yl]oxychromen-4-one",M-H2O-H,C28H32O15,-10.2897523271602,6.93016666666667,PA,Flavonoids,,
759.145918537442,"3'',4''-Di-O-p-coumaroylafzelin__[(2S,3S,4S,5R,6S)-6-[5,7-dihydroxy-2-(4-hydroxyphenyl)-4-oxochromen-3-yl]oxy-5-hydroxy-4-[(E)-3-(4-hydroxyphenyl)prop-2-enoyl]oxy-2-methyloxan-3-yl] (E)-3-(4-hydroxyphenyl)prop-2-enoate",M+Cl,C39H32O14,-3.71242727779389,7.70758333333333,"AR, CA",Flavonoids,,
431.09655918913,"Astilbin_(2R,3R)-2-(3,4-dihydroxyphenyl)-5,7-dihydroxy-3-[(2S,3R,4R,5R,6S)-3,4,5-trihydroxy-6-methyloxan-2-yl]oxy-2,3-dihydrochromen-4-one",M-H2O-H,C21H22O11,-4.02387544365127,8.38348333333333,"AR, CA, PA, SU",Flavonoids,,
269.04632225073,Genistein,M-H,C15H10O5,2.87078735200917,8.99126666666667,"AR, CA, PA, RJ, SU",Isoflavonoid,,
305.021375121242,Genistein,M+Cl,C15H10O5,-3.14604101084901,1.28455,"AR, PA",Isoflavonoid,,
325.149074157508,"Preglabridin_4-[(3S)-7-hydroxy-8-(3-methylbut-2-enyl)-3,4-dihydro-2H-chromen-3-yl]benzene-1,3-diol",M-H,C20H22O4,13.9242082993216,10.2086666666667,"AR, CA, PA",Isoflavonoids,,
389.171593634251,"Corylifol A_3-[3-[(2E)-3,7-dimethylocta-2,6-dienyl]-4-hydroxyphenyl]-7-hydroxychromen-4-one",M-H,C25H26O4,-10.8647599241071,18.0173333333333,"AR, CA, SU",Isoflavonoids,,
419.149881843983,"3-(2,4-dihydroxyphenyl)-5-hydroxy-8,8-dimethyl-6-(3-methylbut-2-enyl)pyrano[2,3-h]chromen-4-one",M-H,C25H24O6,-0.309910266753237,6.93165,"AR, CA, PA, RJ, SU",Isoflavonoids,,
425.119807436813,Villosinol,M-H,C23H22O8,-10.2874195862123,13.6562333333333,"AR, PA, RJ",Isoflavonoids,,
443.104667644354,"5-hydroxy-3-[4-hydroxy-2-[(2S,3R,4S,5S,6R)-3,4,5-trihydroxy-6-(hydroxymethyl)oxan-2-yl]oxyphenyl]-7-methoxychromen-4-one",M-H2O-H,C22H22O11,13.6269697901531,8.68765,"PA, RJ, SU",Isoflavonoids,,
659.206965423965,"5-hydroxy-7-(4-hydroxyphenyl)-2-methyl-2-[[(2R,3R,4S,5S,6R)-3,4,5-trihydroxy-6-[[(2R,3R,4R,5R,6S)-3,4,5-trihydroxy-6-methyloxan-2-yl]oxymethyl]oxan-2-yl]oxymethyl]pyrano[3,2-g]chromen-6-one",M-H,C32H36O15,13.3616110571282,0.946566666666667,"AR, PA",Isoflavonoids,,
355.157873768051,"7-Benzofurancarboxylic acid, 2,3-dihydro-2-(1-hydroxy-1-methylethyl)-4-methoxy-6-(2-phenylethyl)-",M-H,C21H24O5,7.79513158687426,12.6082166666667,"AR, CA, PA",Stilbenes,,
391.185687524568,"3-[(2E)-3,7-dimethylocta-2,6-dienyl]-2,4-dihydroxy-6-[(E)-2-phenylethenyl]benzoic acid",M-H,C25H28O4,-14.7767413688277,12.8128,"AR, CA, SU, PA",Stilbenes,,
435.128084746118,"(2R,3S)-trans-epsilon-viniferin_5-[(2R,3S)-6-hydroxy-2-(4-hydroxyphenyl)-4-[(E)-2-(4-hydroxyphenyl)ethenyl]-2,3-dihydro-1-benzofuran-3-yl]benzene-1,3-diol",M-H2O-H,C28H22O6,9.44076221086258,14.9750833333333,"AR, PA, SU",Stilbenes,,
795.250641056929,"2-[4-[4-[3,5-dihydroxy-4-[3,4,5-trihydroxy-6-(hydroxymethyl)oxan-2-yl]phenyl]-2,5-bis(4-hydroxyphenyl)oxolan-3-yl]-2,6-dihydroxyphenyl]-6-(hydroxymethyl)oxane-3,4,5-triol",M-H,C40H44O17,0.0848284645638918,1.01416666666667,"AR, CA, PA, RJ, SU",Stilbenes,,
302.046921383481,Delphinidin,M-H,C15H11O7,12.2755978447505,12.70915,"AR, PA, RJ, SU",Anthocyanidin,,115
721.378877642256,"[(6R)-6-hydroxy-6-[(2S,8S,9R,10R,13R,14S,16R)-16-hydroxy-4,4,9,13,14-pentamethyl-3,11-dioxo-2-[(2S,3R,4S,5S,6R)-3,4,5-trihydroxy-6-(hydroxymethyl)oxan-2-yl]oxy-2,7,8,10,12,15,16,17-octahydro-1H-cyclopenta[a]phenanthren-17-yl]-2-methyl-5-oxoheptan-2-yl] acetate",M-H,C38H58O13,-2.19804405744917,13.9943,"SU,",Lipids,Unsaturated,
595.148645531626,"[(2R,3R,4S,5R,6S)-3,5-dihydroxy-4-[(E)-3-(1-hydroxy-4-oxocyclohexa-2,5-dien-1-yl)prop-2-enoyl]oxy-6-(4-hydroxyphenoxy)oxan-2-yl]methyl (E)-3-(1-hydroxy-4-oxocyclohexa-2,5-dien-1-yl)prop-2-enoate",M-H,C30H28O13,4.91654228155945,11.9998666666667,"AR, PA",Lipids,Unsaturated,
345.098310606136,"6,7-dihydroxy-5-[3-hydroxy-2-(methoxymethyl)-5-methylphenoxy]-4-methyl-3H-2-benzofuran-1-one",M-H,C18H18O7,0.965382504546348,11.8984666666667,"AR, PA, RJ",Lipids,Unsaturated,
551.147254457986,"(5Z)-4-(carboxymethyl)-5-[2-[(E)-3-(4-hydroxyphenyl)prop-2-enoyl]oxyethylidene]-6-[3,4,5-trihydroxy-6-(hydroxymethyl)oxan-2-yl]oxy-4H-pyran-3-carboxylic acid",M-H,C25H28O14,11.9991729012602,11.5943,"AR, CA, RJ",Lipids,Unsaturated,
227.202717227058,"Myristic acid",M-H,C14H28O2,4.66029956634286,18.7269166666667,"AR, PA, RJ, SU",Lipids,saturated,
509.311727874564,"2,3,14-trihydroxy-10,13-dimethyl-17-(2,3,6,7-tetrahydroxy-5,6-dimethylheptan-2-yl)-2,3,4,5,9,11,12,15,16,17-decahydro-1H-cyclopenta[a]phenanthren-6-one",M-H,C28H46O8,-0.517568417865394,18.0171,"AR, CA, SU",Lipids,Unsaturated,
527.140155308825,"3-ethenyl-4-[2-(3,4,5-trihydroxybenzoyl)oxyethyl]-2-[3,4,5-trihydroxy-6-(hydroxymethyl)oxan-2-yl]oxy-3,4-dihydro-2H-pyran-5-carboxylic acid",M-H,C23H28O14,-0.897155835021913,15.9551666666667,"AR, PA",Lipids,Unsaturated,
525.153963026525,"Cyclopenta[c]pyran-4-carboxylic acid, 1-(beta-D-glucopyranosyloxy)-1,4a,5,6,7,7a-hexahydro-4a-hydroxy-7-methyl-5-oxo-, 2-(3,4-dihydroxyphenyl)ethyl ester, (1S,4aR,7aR)-",M-H,C24H30O13,-14.0668927750885,5.78108333333333,"AR, CA, PA",Lipids,Unsaturated,
375.139318607313,"2-Butenoic acid, 2-methyl-, dodecahydro-6-hydroxy-10a-methyl-4,7-bis(methylene)-3,8-dioxooxireno[8,9]cyclodeca[1,2-b]furan-5-yl ester, (2Z)-",M-H,C20H24O7,-14.909037460514,0.946566666666667,"CA, RJ, SU",Lipids,Unsaturated,
423.18992414943,"(2E)-4-Hydroxy-3,4-dimethyl-2-penten-1-yl 6-O-[(2S,3R,4R)-3,4-dihydroxy-4-(hydroxymethyl)tetrahydro-2-furanyl]-beta-D-glucopyranoside",M-H,C18H32O11,6.45633141365615,7.74136666666667,"AR,CA, SU",Lipids,Unsaturated,
439.138464572722,"Butyrolactone III",M-H,C24H24O8,-3.1278665309921,6.93016666666667,"AR, CA",Lipids,,
353.233302163315,"Prostaglandin F2a_PGF2a",M-H,C20H34O5,-0.128705920148468,12.9457166666667,"AR, CA, PA, SU",Lipids,Unsaturated,
325.239438742581,"Methyl-9-hydroperoxy-delta10E,12E-octadecadienoic acid",M-H,C19H34O4,3.08235765779356,14.0949,"AR,PA, RJ",Lipids,Unsaturated,
309.207877124598,13-HpOTrE,M-H,C18H30O4,2.3987159712338,13.58785,"AR, CA, PA, RJ, SU",Lipids,Unsaturated,
311.223606706888,"Linoleic acid 13-hydroperoxide13-HPODE",M-H,C18H32O4,2.63790875772278,13.3174833333333,"AR, PA, RJ",Lipids,Unsaturated,
704.532874586892,"Phosphatidylcholine 14",M-H,C38H76NO8P,13.1758805828419,22.2419333333333,"PA, RJ",Lipids,Unsaturated,
317.212409789304,18-HEPE,M-H,C20H30O3,0.601473281060249,18.5908,"AR, PA, RJ, SU",Lipids,Unsaturated,
508.343654787763,"Phosphatidylethanolamine lyso 20",M-H,C25H52NO7P,5.48069225305061,18.557,"PA, RJ",Lipids,Unsaturated,
313.240842700005,"9,10-DiHOME",M-H,C18H34O4,7.66776859996377,26.4341,"AR,CA,  RJ, SU",Lipids,Unsaturated,
369.228314745216,"Thromboxane B2",M-H,C20H34O6,0.141449080006654,10.8501666666667,"AR,CA,  RJ, SU",Lipids,Unsaturated,
293.212710344593,9-HOTrE,M-H,C18H30O3,1.67207075439615,12.47245,"AR, CA, PA, RJ",Lipids,Unsaturated,
333.20721931732,"Leukotriene B5",M-H,C20H30O4,0.258244339803957,16.69775,"AR, CA, PA, RJ","Lipids ",Unsaturated,
335.2233506073,"8,15-DiHETE",M-H,C20H32O4,1.68793599604763,12.3034833333333,"AR, CA, PA, RJ, SU","Lipids ",Unsaturated,
351.216996328794,LipoxinA4,M-H,C20H32O5,-1.99123656029118,10.6474,"AR, CA, RJ","Lipids ",Unsaturated,
319.226711629608,"11,12-epoxyeicosatrienoic acid",M-H,C20H32O3,-3.61241834430584,18.557,"AR, RJ, SU","Lipids ",Unsaturated,
489.212807789651,"Hexacyclinic acid",M-H,C26H34O9,-0.404807341222139,10.17655,"CA, PA, SU",Lipids,Unsaturated,
728.550585284358,"Phosphatidylethanolamine alkenyl 18",M-H,C41H80NO7P,-12.855320849711,23.15615,"CA, RJ",Lipids,Unsaturated,
718.541339525547,"Phosphatidylethanolamine 18",M-H,C39H78NO8P,2.93360442139866,21.0600833333333,"CA, SU",Lipids,Unsaturated,
747.511082245228,"Phosphatidylglyceride 16",M-H,C40H77O10P,-9.45407787765542,25.9287833333333,CA,Lipids,Unsaturated,
665.397702943263,"(2E,4E)-12-[(10E,12E)-13-carboxy-3-hydroxy-2-(hydroxymethyl)-8,10,12-trimethyltrideca-10,12-dienoyl]oxy-13-(hydroxymethyl)-3,5,7-trimethyltetradeca-2,4-dienedioic acid",M-H,C36H58O11,10.6043249971406,14.1297166666667,"AR, PA, RJ",Lipids,Unsaturated,
697.428672768076,"2-[3,21-dihydroxy-20-[3,4,5-trihydroxy-6-(hydroxymethyl)oxan-2-yl]oxydocosan-2-yl]oxy-6-(hydroxymethyl)oxane-3,4,5-triol",M-H,C34H66O14,-13.3261559060851,18.2877,"AR, CA, SU",Lipids,Saturated,
416.170974704862,"3,5,7,9-Undecatetraenoic acid, 2-ethylidene-11-[4-hydroxy-4-(2-hydroxyethyl)-2-oxo-6-oxa-3-azabicyclo[3.1.0]hex-1-yl]-4,10-dimethyl-11-oxo-, methyl ester, (2Z,3E,5E,7E,9E)-",M-H,C22H27NO7,-1.20109364485172,20.0789833333333,"AR, CA, SU",Lipids,Unsaturated,
595.146352163962,"[(2R,3R,4S,5R,6S)-3,5-dihydroxy-4-[(E)-3-(1-hydroxy-4-oxocyclohexa-2,5-dien-1-yl)prop-2-enoyl]oxy-6-(4-hydroxyphenoxy)oxan-2-yl]methyl (E)-3-(1-hydroxy-4-oxocyclohexa-2,5-dien-1-yl)prop-2-enoate",M-H,C30H28O13,1.06959745595827,11.9998666666667,SU,Lipids,Unsaturated,
835.433115760191,"16-[(2R,3R,4R,5S,6R)-5-[(2S,3R,4S,5R,6R)-4-acetyloxy-5-hydroxy-6-(hydroxymethyl)-3-(3-hydroxyoctanoyloxy)oxan-2-yl]oxy-6-(acetyloxymethyl)-3,4-dihydroxyoxan-2-yl]oxy-3,15-dihydroxyhexadecanoic acid",M-H2O-H,C40H70O19,-0.202628728859421,13.9943,"AR, CA",Lipids,Saturated,
355.176948184353,"Cyclopentaneacetic acid, 3-(hexopyranosyloxy)-2-[(2Z)-2-penten-1-yl]-",M-H2O-H,C18H30O8,1.92783861414572,15.0764833333333,"CA,SU",Lipids,Unsaturated,
397.173558992211,CORTISOL,M+Cl,C21H30O5,-14.2634861842252,11.8308833333333,"CA, PA, RJ, SU",Lipid,Unsaturated,
551.168310671835,"Methyl (2S)-[(5S,6S,10S,12S,13R,15S,19S)-6-(3-furyl)-15,18-dihydroxy-1,5,16-trimethyl-8,14-dioxo-7,11-dioxahexacyclo[14.2.1.0~2,12~.0~5,10~.0~10,12~.0~13,18~]nonadec-19-yl](hydroxy)acetate",M+Cl,C27H32O10,-1.2356655644061,15.7524,PA,Lipids,Unsaturated,
441.233346247187,"4-[5-[[4-[5-[acetyl(hydroxy)amino]pentylamino]-4-oxobutanoyl]-hydroxyamino]pentylamino]-4-oxobutanoic acid",M-H2O-H,C20H36N4O8,-4.62085322951936,24.20265,"CA, PA, SU",Lipids,saturated,
537.301477632376,"(2S,3S,9R,13R,14S,16R)-2,3,16-trihydroxy-17-[(2R)-2-hydroxy-6-methyl-3-oxohept-6-en-2-yl]-4,4,9,13,14-pentamethyl-1,2,3,7,8,10,12,15,16,17-decahydrocyclopenta[a]phenanthren-11-one",M+Cl,C30H46O6,5.24982131348357,19.5042333333333,"AR, CA, PA",Lipids,Unsaturated,
520.288821702724,"(9E,15E,19E)-3-(2-amino-2-oxoethyl)-11,13-dihydroxy-14,21-dimethoxy-8,10,12-trimethyl-7,21-dioxohenicosa-9,15,19-trienoic acid",M-H2O-H,C28H45NO9,-5.13471692072306,16.05655,"PA, SU",Lipids,Unsaturated,
263.179653989245,"Myristic acid",M+Cl,C14H28O2,5.7953567540085,16.25935,"CA, PA, SU",Lipids,saturated,
459.115614888551,"Butyrolactone i__Methyl (2R)-4-hydroxy-2-[4-hydroxy-3-(3-methyl-2-buten-1-yl)benzyl]-3-(4-hydroxyphenyl)-5-oxo-2,5-dihydro-2-furancarboxylate",M+Cl,C24H24O7,-14.1211527491989,1.04796666666667,"PA, SU",Lipids,Unsaturated,
459.162390175393,"(2E)-4-Hydroxy-3,4-dimethyl-2-penten-1-yl 6-O-[(2S,3R,4R)-3,4-dihydroxy-4-(hydroxymethyl)tetrahydro-2-furanyl]-beta-D-glucopyranoside",M+Cl,C18H32O11,-3.4723838694676,1.08176666666667,"PA, RJ, SU",Lipids,Unsaturated,
439.2102,Fumagillin,M-H2O-H,C26H34O7,-5.32291384653018,10.8845666666667,"AR, CA, PA, SU",Lipids,Unsaturated,
357.135432531036,"2-Butenoic acid, 2-methyl-, (1aR,1bS,2aS,4R,4aS,7aR,8S)-dodecahydro-4-hydroxy-9a-methyl-3,7-bis(methylene)-6-oxobisoxireno[5,6:7,8]cyclodeca[1,2-b]furan-8-yl ester, (2Z)-",M-H2O-H,C20H24O7,2.84604058468757,11.01975,"AR, PA",Lipids,Unsaturated,
511.212864456115,Arthrobactin,M+Cl,C20H36N4O9,-10.006533058074,9.90443333333333,"PA, RJ",Lipids,saturated,
379.2018,17-HDoHE,M+Cl,C22H32O3,-8.11108984029743,16.1243333333333,"AR, PA",Lipids,Unsaturated,
809.5083,"Phosphatidylglyceride 18",M+Cl,C42H79O10P,-2.78976845334796,15.8536,"AR, PA",Lipids,Unsaturated,
817.5231,"Phosphatidylinositol 16",M-H2O-H,C43H81O13P,-0.62897008130796,15.4818333333333,"AR, PA",Lipids,Unsaturated,
277.0661,Lapachol,M+Cl,C15H14O3,10.0573096743564,15.2114,"AR, PA",Lipids,Unsaturated,
355.2038,15-HETE,M+Cl,C20H32O3,-2.22984172117768,16.56375,"AR, PA",Lipids,Unsaturated,
738.5498,"Phosphatidylethanolamine 19",M-H2O-H,C42H80NO8P,7.23086046896524,16.6989333333333,"AR, PA",Lipids,Unsaturated,
331.208,"12,13-EODE",M+Cl,C18H32O3,11.7106457360438,24.3714166666667,"AR, PA",Lipids,Unsaturated,
824.5202,"Phosphatidylserine 18",M+Cl,C42H80NO10P,-1.55541289010995,23.0871,"AR, PA",Lipids,Unsaturated,
825.5106,"Phosphatidylglyceride 20",M-H2O-H,C48H77O10P,3.59855829259009,22.9519166666667,"AR, PA",Lipids,Unsaturated,
371.197,LTB4,M+Cl,C20H32O4,-7.41744053247312,22.6139666666667,"AR, PA",Lipids,Unsaturated,
387.1923,PGD2,M+Cl,C20H32O5,-5.90847220985095,18.65945,"AR, PA",Lipids,Unsaturated,
806.5526,"Phosphatidylethanolamine 20",M+Cl,C43H82NO8P,6.98825278096967,18.3214833333333,"AR, PA",Lipids,Unsaturated,
379.2034,17-HDoHE,M+Cl,C22H32O3,-3.32828337662835,17.8821333333333,"AR, PA",Lipids,Unsaturated,
881.5503,"Phosphatidylinositol 19",M-H2O-H,C48H85O13P,-5.11131547078557,17.0707,"AR, PA",Lipids,Unsaturated,
347.2032,13-HPODE,M+Cl,C18H32O4,12.1043692820231,11.4929166666667,"AR, PA",Lipids,Unsaturated,
369.1814,PGJ2,M+Cl,C20H30O4,-7.13651652747347,13.8593333333333,"AR, PA",Lipids,Unsaturated,
379.2015,17-HDoHE,M+Cl,C22H32O3,-8.8147467009233,25.5880833333333,"AR, PA",Lipids,Unsaturated,
345.188,9-HpOTrE,M+Cl,C18H30O4,13.5178182284167,12.6763666666667,"AR, PA",Lipids,Unsaturated,
971.5881,"(2E,4E)-12-[(10E,12E)-13-carboxy-3-[(2E,4E)-13-carboxy-12,14-dihydroxy-3,5,7-trimethyltetradeca-2,4-dienoyl]oxy-2-(hydroxymethyl)-8,10,12-trimethyltrideca-10,12-dienoyl]oxy-13-(hydroxymethyl)-3,5,7-trimethyltetradeca-2,4-dienedioic acid",M-H2O-H,C54H86O16,14.4853771371054,13.1492,PA,Lipids,Unsaturated,
647.3719,"(2E,4E)-12-[(10E,12E)-13-carboxy-3-hydroxy-2-(hydroxymethyl)-8,10,12-trimethyltrideca-10,12-dienoyl]oxy-13-(hydroxymethyl)-3,5,7-trimethyltetradeca-2,4-dienedioic acid",M-H2O-H,C36H58O11,-12.2410913628581,13.1154,PA,Lipids,Unsaturated,
461.1493,"alpha-D-Glucopyranoside, alpha-D-glucopyranosyl, 2-(2-methylbutanoate)",M+Cl,C17H30O12,14.5597704263098,21.5656166666667,PA," Lipids",saturated,
459.1961,"(2R,3R,4S,5S,6R)-2-octoxy-6-[[(2S,3R,4S,5R)-3,4,5-trihydroxyoxan-2-yl]oxymethyl]oxane-3,4,5-triol",M+Cl,C19H36O10,-9.84438029664909,17.6786666666667,PA,Lipids,saturated,
411.1198,"2-Butenoic acid, 2-methyl-, (1aR,1bS,2aS,4R,4aS,7aR,8S)-dodecahydro-4-hydroxy-9a-methyl-3,7-bis(methylene)-6-oxobisoxireno[5,6:7,8]cyclodeca[1,2-b]furan-8-yl ester, (2Z)-",M+Cl,C20H24O7,-4.79813842033391,6.69295,PA,Lipids,Unsaturated,69
359.116057116082,"2H-Benz[1,2]anthra[10,4a-b]oxirene-7,8(3H,12bH)-dione, 3a,4,5,6,7a,7b-hexahydro-2,3a,7b,12-tetrahydroxy-5-methyl-",M-H,C19H20O7,6.74931597062488,12.16885,"AR, CA, PA, RJ, SU",Benzenoids,,
331.194272350886,"4a(2H)-Phenanthrenecarboxylic acid, 7-ethenyl-1,3,4,4b,5,6,7,9,10,10a-decahydro-4b-hydroxy-1,1,7-trimethyl-9-oxo-",M-H,C20H28O4,8.39680043253542,10.5804166666667,"AR, SU",Benzenoids,,
861.18868887703,"Sennoside A",M-H,C42H38O20,0.373116211882998,17.0369333333333,"AR, RJ, SU,",Benzenoids,,
453.115863502906,"Echoside C",M-H,C24H22O9,-7.13974523472499,16.05655,"AR,CA, RJ, SU",Benzenoids,,
319.081215157832,"Barceloneic acid A",M-H,C16H16O7,-3.47171604020617,6.05145,"AR, CA, PA",Benzenoids,,
385.093159328973,Terphenolide,M-H,C20H18O8,0.694708927602547,6.01765,"AR, CA, PA, SU",Benzenoids,,
473.146245493844,"methyl 2-{3,10-dihydroxy-5-methoxy-9-methyl-8,13-dioxatricyclo[7.3.1.0²,⁷]trideca-2(7),3,5-triene-4-carbonyl}-3,5-dimethoxybenzoate",M-H,C24H26O10,1.95063030335612,5.5107,"AR, SU",Benzenoids,,
361.093833741979,"Methyl Asterrate",M-H,C18H18O8,2.60325822286744,9.2961,"AR, RJ, SU",Benzenoids,,
727.153921421009,"5-[(2R,3R,4S,5S,6R)-4,5-dihydroxy-6-(hydroxymethyl)-3-sulfanyloxan-2-yl]oxy-2,3,8,12b-tetrahydroxy-3-methyl-4a-[(2R,3R,4S,5S,6R)-3,4,5-trihydroxy-6-(hydroxymethyl)oxan-2-yl]oxy-2,4-dihydrobenzo[a]anthracene-1,7,12-trione",M-H,C31H36O18S,-1.42475610586215,8.82283333333333,"PA, RJ, SU",Benzenoids,,
331.086801528341,Isosulochrin,M-H,C17H16O7,13.4756109862191,6.93016666666667,"AR, CA, SU",Benzenoids,,
427.231214271246,Irbesartan,M-H,C25H28N6O,14.0838387924118,10.9177666666667,"AR, CA, RJ",Benzenoids,,
293.175841288568,[6]-Gingerol,M-H,C17H26O4,0.0285825647402466,11.59375,"AR, RJ, SU",Benzenoids,,
363.059922552667,"(1aS,2Z,4E,14R,15aS)-8-Chloro-9,11-dihydroxy-14-methyl-1a,14,15,15a-tetrahydro-6H-oxireno[e][2]benzoxacyclotetradecine-6,12(7H)-dione",M-H,C18H17ClO6,-11.4454974289364,10.07515,"AR, CA, PA",Benzenoids,,
343.118829685673,"6a,7,8,12a-Tetrahydroxy-3-methyl-2,3,4,5,6,6a,7,12a-octahydro-1,12-tetraphenedione",M-H,C19H20O6,0.342197092321641,13.7576166666667,"AR, CA, PA, RJ, SU",Benzenoids,,
265.067797421465,Dihydrocitrinone,M-H,C13H14O6,-14.8990048302582,1.18313333333333,"AR, CA, PA, RJ, SU",Benzenoids,,
467.123792631965,"Echoside B",M-H,C25H24O9,-8.8837476040804,9.26231666666667,"CA, PA, SU",Benzenoids,,
437.154454920778,"4-[3-[(2E)-3,7-dimethylocta-2,6-dienyl]-2,6-dihydroxybenzoyl]-3-formyl-5-hydroxybenzoic acid",M-H,C25H26O7,-13.9713991285964,14.0959166666667,"AR, SU",Benzenoids,,
357.203340100236,"5-[10-(3,5-dihydroxyphenyl)decyl]benzene-1,3-diol",M-H,C22H30O4,-10.588373900709,14.9748166666667,"AR, CA, RJ",Benzenoids,,
515.157053642345,"2-(3,4-dihydroxyphenyl)ethyl 4-[2-[2-(3,4-dihydroxyphenyl)ethoxy]-2-oxoethyl]-5-hydroxy-4a,5,7,7a-tetrahydro-4H-furo[3,4-b]pyran-3-carboxylate",M-H,C26H28O11,2.26355019396525,1.18318333333333,"AR, CA, PA, RJ, SU",Benzenoids,,
453.114587081106,"Echoside C",M-H,C24H22O9,-9.95046456293294,16.3948,"CA, SU",Benzenoids,,
585.125659835596,Azepinostatin,M+Cl,C28H26N2O10,-4.51961083318894,11.6956833333333,PA,Benzenoids,,
473.085153907655,"[9-(hydroxymethyl)-4-[2-(4-hydroxyphenyl)acetyl]oxy-6-methyl-2,7-dioxo-3,3a,4,5,9a,9b-hexahydroazuleno[4,5-b]furan-3-yl]methanesulfonic acid  ",M-H2O-H,C23H24O10S,-12.2390312011255,12.4054333333333,"CA, SU",Benzenoids,,
391.225744408441,"(17Z)-Tricyclo[20.2.2.02,7]hexacosa-1(24),2(7),3,5,17,22,25-heptaene-3,5,24,25-tetrol",M-H2O-H,C26H34O4,-5.1774829805277,20.6195166666667,"AR, CA, RJ, SU",Benzenoids,,
393.108469803861,"Benzoic acid, 2-hydroxy-6-[2-hydroxy-6-(hydroxymethyl)-4-methylphenoxy]-3-(3-methyl-2-buten-1-yl)-",M+Cl,C20H22O6,-7.17570582095761,15.8199833333333,CA,Benzenoids,,
425.28410115031,"2-methyl-2-(3-pentadecylphenoxy)propanoic acid",M+Cl,C25H42O3,3.34255679068444,11.4253166666667,"AR, RJ, SU",Benzenoids,,
343.084132747991,"Methyl Asterrate_methyl 2-hydroxy-6-(4-hydroxy-2-methoxy-6-methoxycarbonylphenoxy)-4-methylbenzoate_",M-H2O-H,C18H18O8,4.98849327448505,5.98383333333333,"AR, SU",Benzenoids,,
323.093543148327,"Benz[3,4]anthra[1,2-b]oxirene-5,6-dione, 1a,2,3,4,5b,11,11a,11b-octahydro-10,11,11a-trihydroxy-3-methyl-",M-H2O-H,C19H18O6,3.05741624691312,6.05145,"AR, PA, RJ",Benzenoids,,
367.083765801407,Terphenolide,M-H2O-H,C20H18O8,3.72801616675042,5.07123333333333,"CA, PA",Benzenoids,,
361.13432575319,"Methyl 4-(4,6-dihydroxy-5-methoxy-2,5-dimethyl-3-oxocyclohexen-1-yl)oxy-2-hydroxy-3,6-dimethylbenzoate",M-H2O-H,C19H24O8,13.2820868400613,1.01416666666667,"AR, CA, RJ",Benzenoids,,
323.088110204292,"Benz[3,4]anthra[1,2-b]oxirene-5,6-dione, 1a,2,3,4,5b,11,11a,11b-octahydro-10,11,11a-trihydroxy-3-methyl-",M-H2O-H,C19H18O6,-12.8232614961337,6.76118333333333,"AR, CA, RJ",Benzenoids,,
325.1077,"(3S,6R,6aS,7S)-6,6a,7,8-tetrahydroxy-3-methyl-3,4,5,6,7,12a-hexahydro-2H-benzo[a]anthracene-1,12-dione",M-H2O-H,C19H20O6,-1.31373958138653,13.8252,PA,Benzenoids,,
409.0957,"5-(1,3-dihydroxy-3-methylbutyl)-2,4,18-trihydroxy-7,9,13-trioxapentacyclo[10.8.0.0³,¹⁰.0⁴,⁸.0¹⁴,¹⁹]icosa-1(12),2,5,10,14,16,18-heptaen-20-one",M-H2O-H,C22H20O9,6.65997496683407,13.014,PA,Benzopyrans,,
341.1001,"2H-Benz[1,2]anthra[10,4a-b]oxirene-7,8(3H,12bH)-dione, 3a,4,5,6,7a,7b-hexahydro-2,3a,7b,12-tetrahydroxy-5-methyl-",M-H2O-H,C19H20O7,-8.1671219195029,12.2704833333333,PA," Benzenoids",,
341.0983,"2H-Benz[1,2]anthra[10,4a-b]oxirene-7,8(3H,12bH)-dione, 3a,4,5,6,7a,7b-hexahydro-2,3a,7b,12-tetrahydroxy-5-methyl-",M-H2O-H,C19H20O7,-13.2352468433521,12.0000166666667,PA,Benzenoids,,
493.1214,"Methyl 2-(3-hydroxy-5-methoxy-9-methyl-8,13-dioxatricyclo[7.3.1.02,7]trideca-2,4,6-triene-4-carbonyl)-3,5-dimethoxybenzoate",M+Cl,C24H26O9,-12.3546273684068,11.5606666666667,PA," Benzenoids",,
487.200550785658,"Methyl (2R,4aR,4bS,10aS,10bS,12aR)-6,10b-dihydroxy-2,4b,7,7,10a,12a-hexamethyl-12-methylene-1,4,5,8-tetraoxo-1,4,4a,4b,5,7,8,9,10,10a,10b,11,12,12a-tetradecahydro-2H-naphtho[1,2-h]isochromene-2-carboxylate",M-H,C26H32O9,6.54359906593008,8.75525,"AR, CA, RJ",Benzopyrans,,
497.194368172301,"1H-Furo[3,4-b]xanthene-9-propanoic acid, 3,5a,6,7,8,9,9a,10-octahydro-7-hydroxy-8-(1-hydroxy-1-methylethyl)-11-methoxy-4,5a,9-trimethyl-1-oxo-, (5aS,9R,9aR)-",M+Cl,C25H34O8,-0.867919821875334,8.1469,"CA, RJ, SU",Benzopyrans,,
427.104179374152,Benzopyrans,M-H,C22H20O9,1.69019054543192,6.82876666666667,"AR, CA, SU",Benzopyrans,,
571.119569971996,Xanthoquinodin-A1,M-H,C31H24O11,-8.76577792707498,14.56885,"AR, CA, PA",Benzopyrans,,
451.138469475757,"Methyl 3-(3,4-dihydroxyphenyl)-2-[(2,2-dimethylchromen-6-yl)methyl]-4-methoxy-5-oxofuran-2-carboxylate",M-H,C25H24O8,-3.0340089529744,0.946566666666667,"AR, PA, SU",Benzopyrans,,
495.17405509989,"2,20-Dihydroxy-13-methoxy-4,7,17,22,22-pentamethyl-5,10,21,23-tetraoxahexacyclo[18.2.1.0~1,17~.0~4,16~.0~6,14~.0~8,12~]tricosa-6(14),7,12-trien-11-one",M+Cl,C25H32O8,-11.0040762555141,20.38295,"AR, CA, RJ, SU",Benzopyrans,,
271.061624856464,3-(5-Acetyl-2-furyl)-5-methoxy-2-benzofuran-1(3H)-one,M-H,C15H12O5,1.57241968590992,12.6077166666667,"AR, RJ,CA",Benzofurans,,
325.149240176888,"Licarin A",M-H,C20H22O4,14.4332331620237,10.14275,"CA, RJ",Benzofurans,,
423.142046218946,Eprosartan,M-H,C23H24N2O4S,8.59231535996996,11.0890333333333,"AR, CA","Benzoic acids",,
389.268365654454,"2-acetoxy-6-pentadecylbenzoic acid",M-H,C24H38O4,-3.50420448172337,10.4452333333333,"AR, CA, PA, SU,","Benzoic acid",,
567.209085689499,"[(2R,3S,4S,5R,6S)-3,4,5-trihydroxy-6-[2-hydroxy-4,4,6,6-tetramethyl-2-(2-methylprop-1-enyl)-3,5-dioxocyclohexyl]oxyoxan-2-yl]methyl 3,4,5-trihydroxybenzoate",M-H,C27H36O13,1.35672570526712,18.4902666666667,"AR, PA, RJ, SU","Benzoic acids",,
261.149017649095,"2-(8-hydroxyoctyl)-6-methoxybenzoic acid",M-H2O-H,C16H24O4,-2.14328540214069,15.8199833333333,"PA, RJ, SU","Benzoic acids",,
565.189238186749,"1,3-Cyclohexanedione, 5-hydroxy-6-(2-hydroxy-2-methylpropylidene)-2,2,4,4-tetramethyl-5-[[6-O-(3,4,5-trihydroxybenzoyl)-beta-D-glucopyranosyl]oxy]-, (6Z)-",M-H2O-H,C27H36O14,-5.86521737767418,17.4425666666667,SU,"Benzoic acids",,48
575.172149338509,Peltatin-5-O-beta-D-glucopyranoside,M-H,C28H32O13,-8.44401710705513,0.912833333333333,"AR, CA, SU",Lignan,,
399.102626537357,"4-hydroxy-9-(4-hydroxy-3,5-dimethoxyphenyl)-5a,6,8a,9-tetrahydro-5H-[2]benzofuro[5,6-f][1,3]benzodioxol-8-one",M-H,C21H20O8,-14.7822911845381,13.7915333333333,"AR, PA, SU",Lignan,,
505.181017504747,"[2-(4-hydroxy-3-methoxyphenyl)-4-[(4-hydroxy-3-methoxyphenyl)methyl]oxolan-3-yl]methyl (E)-3-(4-hydroxyphenyl)prop-2-enoate",M-H,C29H30O8,-11.4066564562343,6.82876666666667,"AR, CA, RJ",Lignan,,
419.167932415848,"6,7-bis(hydroxymethyl)-1-methoxy-8-(3,4,5-trimethoxyphenyl)-5,6,7,8-tetrahydronaphthalene-2,3-diol",M-H,C22H28O8,-7.63724754879858,15.9887,"AR, PA",Lignans,,
719.160916272828,"Sagerinic acid",M-H,C36H32O16,-1.16949539707254,6.08523333333333,"AR, SU",Lignan,,
683.271259299247,"(1R,2S)-7-hydroxy-1-(4-hydroxy-3,5-dimethoxyphenyl)-2-N,3-N-bis[2-(4-hydroxyphenyl)ethyl]-6,8-dimethoxy-1,2-dihydronaphthalene-2,3-dicarboxamide",M-H,C38H40N2O10,14.9652458175788,1.01416666666667,PA,Lignans,,
683.26507980374,"(1R,2S)-7-hydroxy-1-(4-hydroxy-3,5-dimethoxyphenyl)-2-N,3-N-bis[2-(4-hydroxyphenyl)ethyl]-6,8-dimethoxy-1,2-dihydronaphthalene-2,3-dicarboxamide",M-H,C38H40N2O10,5.93443795030818,1.01416666666667,"CA, PA, SU",Lignans,,
557.163115351163,Peltatin-5-O-beta-D-glucopyranoside,M-H2O-H,C28H32O13,-5.78740067768461,0.980366666666667,"PA, SU",Lignan,,
401.127095999383,"(E)-3-[4-[1,3-dihydroxy-1-(4-hydroxy-3-methoxyphenyl)propan-2-yl]oxy-3,5-dimethoxyphenyl]prop-2-enoic acid",M-H2O-H,C21H24O9,6.91378971634305,14.9412833333333,"CA, PA, RJ, SU",Lignans,,
371.117013498699,"[3-(4-hydroxy-3-methoxybenzoyl)-2,3-dimethyloxiran-2-yl]-(4-hydroxy-3-methoxyphenyl)methanone",M-H,C20H20O7,9.10175255364138,1.01416666666667,"AR, SU",Lignans,,
419.140605641439,"(E)-3-[4-[1,3-dihydroxy-1-(4-hydroxy-3-methoxyphenyl)propan-2-yl]oxy-3,5-dimethoxyphenyl]prop-2-enoic acid",M-H,C21H24O9,13.9232146953645,13.2168,"AR, CA, PA, SU",Lignans,,
381.1018,"4-hydroxy-9-(4-hydroxy-3,5-dimethoxyphenyl)-5a,6,8a,9-tetrahydro-5H-[2]benzofuro[5,6-f][1,3]benzodioxol-8-one",M-H2O-H,C21H20O8,9.47014579943344,16.2590833333333,PA,"Lignan lactones",,
563.209,"(2R,3R,4S,5S,6R)-2-[[7-hydroxy-1-(4-hydroxy-3,5-dimethoxyphenyl)-3-(hydroxymethyl)-6,8-dimethoxy-1,2,3,4-tetrahydronaphthalen-2-yl]methoxy]-6-(hydroxymethyl)oxane-3,4,5-triol",M-H2O-H,C28H38O13,-7.49817657599666,16.96885,PA,"Lignan glycosides",,
519.1891,"Cycloolivil glucoside_beta-D-Glucopyranoside, 2-methoxy-4-[(1S,2S,3S)-1,2,3,4-tetrahydro-3,7-dihydroxy-2,3-bis(hydroxymethyl)-6-methoxy-1-naphthalenyl]phenyl",M-H2O-H,C26H34O12,3.51445719174837,1.01416666666667,PA,"Lignan glycosides",,
581.216531550892,"Lyoniresinol 9'-O-glucoside",M-H,C28H38O13,-12.7669034586994,12.4394666666667,"AR, CA, PA","Lignan glycosides",,
551.184471129448,"beta-D-Glucopyranoside, 2-methoxy-4-[tetrahydro-3a,6a-dihydroxy-4-(4-hydroxy-3-methoxyphenyl)-1H,3H-furo[3,4-c]furan-1-yl]phenyl",M-H,C26H32O13,13.5036092997785,17.67915,"AR, CA, SU","Lignan glycosides",,
725.263810014357,"(2S,3R,4R,5R,6S)-2-[(2S,3R,4S,5S,6R)-4,5-dihydroxy-2-[4-[3-(4-hydroxy-3,5-dimethoxyphenyl)-1,3,3a,4,6,6a-hexahydrofuro[3,4-c]furan-6-yl]-2,6-dimethoxyphenoxy]-6-(hydroxymethyl)oxan-3-yl]oxy-6-methyloxane-3,4,5-triol",M-H,C34H46O17,-3.32321278784086,5.67968333333333,"AR, CA, SU","Lignan glycosides",,
711.240989469002,"(2R,3S,4S,5R,6S)-5-[(2S,3R,4R)-3,4-dihydroxy-4-(hydroxymethyl)oxolan-2-yl]oxy-6-[4-[(3R,6S)-3-(4-hydroxy-3,5-dimethoxyphenyl)-1,3,3a,4,6,6a-hexahydrofuro[3,4-c]furan-6-yl]-2,6-dimethoxyphenoxy]-2-(hydroxymethyl)oxane-3,4-diol",M-H,C33H44O17,-13.4558609611648,1.45353333333333,"AR, RJ, SU","Lignan glycosides",,
903.304895858603,"(2R,3R,4S,5S,6R)-2-[[(2R,3S,4S,5R,6S)-6-[4-[3-[3,5-dimethoxy-4-[(2S,3R,4S,5S,6R)-3,4,5-trihydroxy-6-(hydroxymethyl)oxan-2-yl]oxyphenyl]-1,3,3a,4,6,6a-hexahydrofuro[3,4-c]furan-6-yl]-2,6-dimethoxyphenoxy]-3,4,5-trihydroxyoxan-2-yl]methoxy]-6-(hydroxymethyl)oxane-3,4,5-triol",M-H,C40H56O23,-10.0249278834825,1.04796666666667,"AR,CA, PA, RJ, SU","Lignan glycoside",,
587.15724069292,"Beta-D-Glucopyranoside, 2-methoxy-4-[tetrahydro-3a,6a-dihydroxy-4-(4-hydroxy-3-methoxyphenyl)-1H,3H-furo[3,4-c]furan-1-yl]phenyl",M+Cl,C26H32O13,6.425956799109,10.8845666666667,"AR, PA","Lignan glycosides",,
903.315354206209,"(2R,3R,4S,5S,6R)-2-[[(2R,3S,4S,5R,6S)-6-[4-[3-[3,5-dimethoxy-4-[(2S,3R,4S,5S,6R)-3,4,5-trihydroxy-6-(hydroxymethyl)oxan-2-yl]oxyphenyl]-1,3,3a,4,6,6a-hexahydrofuro[3,4-c]furan-6-yl]-2,6-dimethoxyphenoxy]-3,4,5-trihydroxyoxan-2-yl]methoxy]-6-(hydroxymethyl)oxane-3,4,5-triol",M-H,C40H56O23,1.53993111441098,1.0142,AR,"Lignan glycosides",,
435.081592815594,"4-hydroxy-9-(4-hydroxy-3,5-dimethoxyphenyl)-5a,6,8a,9-tetrahydro-5H-[2]benzofuro[5,6-f][1,3]benzodioxol-8-one",M+Cl,C21H20O8,-9.06258169936523,15.9551666666667,"AR, CA, PA","Lignan lactones",,
395.112457973111,β-peltatin,M-H2O-H,C22H22O8,-2.82173416131408,10.2086666666667,"AR, CA, SU","Lignan lactones",,23
433.078179547989,"Fukinolic acid",M-H,C20H18O11,1.25456461351853,12.2702333333333,"AR, CA, PA, RJ","Hydroxycinnamic acids",,
779.213008824221,"Myricadenin A",M-H,C39H40O17,-8.02915396806618,17.2735,"AR, CA, PA, RJ, SU","Hydroxycinnamic acids",,
753.213806745638,Disinapoylsucrose,M-H,C34H42O19,-14.5126970463733,24.5398833333333,"PA, RJ","Hydroxycinnamic acids",,
555.129720220425,"1-[4,5-dihydroxy-6-(hydroxymethyl)-3-[(E)-3-(4-hydroxyphenyl)prop-2-enoyl]oxyoxan-2-yl]oxy-6-hydroxy-7-methylidene-4a,5,6,7a-tetrahydro-1H-cyclopenta[c]pyran-4-carboxylic acid",M+Cl,C25H28O12,4.3113581182542,6.35561666666667,AR,"Hydroxycinnamic acids",,
583.14659545071,"Sibiricose A1",M+Cl,C23H32O15,5.60739910211428,0.912766666666667,"AR, CA, RJ, SU","Hydroxycinnamic acids",,
789.201962296774,"3',6-Disinapoylsucrose",M+Cl,C34H42O19,0.705191736668592,1.65636666666667,"AR,CA, RJ, SU","Hydroxycinnamic acids",,
459.133831045591,"Calceolarioside B",M-H2O-H,C23H26O11,8.70132440244548,6.76118333333333,"AR, PA, SU","Hydroxycinnamic acid",,
205.053466986428,"Sinapinic acid",M-H2O-H,C11H12O5,12.6507033473445,7.80895,"CA, SU","Hydroxycinnamic acids",,
523.115127900031,"Hexopyranose, 2-O-hexopyranosyl-6-O-[(2E)-3-(4-hydroxyphenyl)-1-oxo-2-propen-1-yl]-",M+Cl,C21H28O13,-14.8813022625373,10.1072666666667,AR,"Hydroxycinnamic acids",,
207.068877639063,"3,4-Dimethoxycinnamic acid",M-H,C11H12O4,12.4725505580928,6.79646666666667,"AR, CA, PA, RJ, SU","Hydroxycinnamic acids",,
679.226152154751,"(1aS,1bS,2S,5aR,6S,6aS)-6-({3-O-Acetyl-6-deoxy-4-O-[(2E)-3-phenyl-2-propenoyl]-alpha-L-mannopyranosyl}oxy)-1a-(hydroxymethyl)-1a,1b,2,5a,6,6a-hexahydrooxireno[4,5]cyclopenta[1,2-c]pyran-2-yl beta-L-glucopyranoside",M-H,C32H40O16,2.63644161619017,0.946566666666667,"AR, PA, SU, RJ","Cinnamic acids",,
147.046716275388,"trans-Cinnamic acid",M-H,C9H8O2,10.5585008852221,8.8581,"CA, RJ, SU","Cinnamic acids",,
471.156375909216,"alpha-D-Glucopyranoside, 4-O-[(2E)-1-oxo-3-phenyl-2-propen-1-yl]-beta-D-fructofuranosyl",M-H,C21H28O12,11.8096222747391,6.79498333333333,"AR, SU","Cinnamic acids",,
721.239963192431,"(1aS,1bS,2S,5aR,6S,6aS)-6-({2,3-Di-O-acetyl-6-deoxy-4-O-[(2E)-3-phenyl-2-propenoyl]-alpha-L-mannopyranosyl}oxy)-1a-(hydroxymethyl)-1a,1b,2,5a,6,6a-hexahydrooxireno[4,5]cyclopenta[1,2-c]pyran-2-yl beta-D-glucopyranoside",M-H,C34H42O17,6.97791540344195,0.946533333333333,"AR, CA, PA, RJ, SU","Cinnamic acids",,
703.20396009192,"[6-[[1a-(hydroxymethyl)-2-[3,4,5-trihydroxy-6-(hydroxymethyl)oxan-2-yl]oxy-2,5a,6,6a-tetrahydro-1bH-oxireno[5,6]cyclopenta[1,3-c]pyran-6-yl]oxy]-4,5-dihydroxy-2-methyloxan-3-yl] (E)-3-(4-methoxyphenyl)prop-2-enoate",M+Cl,C31H40O16,4.37512384386781,1.01416666666667,CA,"Cinnamic acids",,
733.218259331188,"beta-D-Glucopyranoside, 6-[[6-deoxy-3-O-[(2E)-3-(3,4-dimethoxyphenyl)-1-oxo-2-propen-1-yl]-alpha-L-mannopyranosyl]oxy]-1a,1b,2,5a,6,6a-hexahydro-1a-(hydroxymethyl)oxireno[4,5]cyclopenta[1,2-c]pyran-2-yl",M+Cl,C32H42O17,9.5355905575608,13.8591166666667,"CA, SU","Cinnamic acid",,16
421.1028,"3H-Furo[4,3,2-de]indeno[4,5-h]-2-benzopyran-3,6,9-trione, 1,6b,7,8,9a,10,11,11b-octahydro-11-hydroxy-1-(methoxymethyl)-9a,11b-dimethyl-, (1S,6bR,9aS,11R,11bR)-",M+Cl,C21H22O7,-8.08388114769223,14.2307666666667,PA,Steroids,,
491.3082,"2,3,14-trihydroxy-10,13-dimethyl-17-(2,3,6,7-tetrahydroxy-5,6-dimethylheptan-2-yl)-2,3,4,5,9,11,12,15,16,17-decahydro-1H-cyclopenta[a]phenanthren-6-one",M-H2O-H,C28H46O8,13.2155220595142,14.29875,PA,Steroids,,
373.2707,"Deoxycholic acid",M-H2O-H,C24H40O4,-10.3812906874591,15.4818333333333,AR,Steroids,,
385.129983838876,"3H-Furo[4,3,2-de]indeno[4,5-h]-2-benzopyran-3,6,9-trione, 1,6b,7,8,9a,10,11,11b-octahydro-11-hydroxy-1-(methoxymethyl)-9a,11b-dimethyl-, (1S,6bR,9aS,11R,11bR)-",M-H,C21H22O7,1.83155003132288,14.3998833333333,"AR, PA, SU",Steroids,,
561.338980086392,"[(6R)-6-hydroxy-2-methyl-5-oxo-6-[(2S,3S,9R,13R,14S,16R)-2,3,16-trihydroxy-4,4,9,13,14-pentamethyl-11-oxo-1,2,3,7,8,10,12,15,16,17-decahydrocyclopenta[a]phenanthren-17-yl]heptan-2-yl] acetate",M-H,C32H50O8,-7.66788873129002,16.6313666666667,"CA, SU",Steroids,,
483.30924559208,"(2S,3S,9R,13R,14S,16R)-2,3,16-trihydroxy-17-[(2R)-2-hydroxy-6-methyl-3-oxohept-6-en-2-yl]-4,4,9,13,14-pentamethyl-1,2,3,7,8,10,12,15,16,17-decahydrocyclopenta[a]phenanthren-11-one",M-H2O-H,C30H46O6,-4.68314280778247,10.6818,"RJ, SU",Steroids,,
663.378684464953,"(2S,3S,9R,13R,14S,16R)-2,16-dihydroxy-17-[(2R)-2-hydroxy-6-methyl-3-oxohept-6-en-2-yl]-4,4,9,13,14-pentamethyl-3-[(2R,3R,4S,5S,6R)-3,4,5-trihydroxy-6-(hydroxymethyl)oxan-2-yl]oxy-1,2,3,7,8,10,12,15,16,17-decahydrocyclopenta[a]phenanthren-11-one",M-H,C36H56O11,5.56650302388233,13.2509833333333,"AR, SU",Steroids,,
493.312879079033,"(2S,3R,5R,10R,13R,14S,17S)-2,3,14-trihydroxy-10,13-dimethyl-17-[(2R,3R,5R)-2,3,6-trihydroxy-5,6-dimethylheptan-2-yl]-2,3,4,5,9,11,12,15,16,17-decahydro-1H-cyclopenta[a]phenanthren-6-one",M-H,C28H46O7,-8.49300884074856,20.38295,"CA, RJ, SU",Steroids,,
501.325061571898,"(2S,3S,9R,13R,14S,16R)-2,3,16-trihydroxy-17-[(2R)-2-hydroxy-6-methyl-3-oxohept-6-en-2-yl]-4,4,9,13,14-pentamethyl-1,2,3,7,8,10,12,15,16,17-decahydrocyclopenta[a]phenanthren-11-one",M-H,C30H46O6,5.77073747080366,11.7633166666667,AR,Steroids,,
575.245759281437,"Methyl 5,6-diacetoxy-10-hydroxy-2,4b,7,7,10a,12a-hexamethyl-12-methylene-1,4,8-trioxohexadecahydro-2H-naphtho[1,2-h]isochromene-2-carboxylate",M-H,C30H40O11,-6.98713263169786,23.4265166666667,"CA, RJ, SU",Steroid,,
781.427874659085,"9,19-Cyclolanost-24-en-26-oic acid, 3-[(2-O-hexopyranosylpentopyranosyl)oxy]-12,15-dihydroxy-, (3beta,8xi,9beta,24E)-",M-H,C41H66O14,-12.9155353478315,17.3422,"AR, CA",Steroid,,
693.31185883873,"3-{[6-Deoxy-4-O-(beta-D-glucopyranosyl)-alpha-L-mannopyranosyl]oxy}-14,16-dihydroxy-19-oxocard-20(22)-enolide",M-H2O-H,C35H52O15,-1.29294218466504,26.3999833333333,PA,"Steroid lactones",,
733.322241246153,"3-[(3S,5S,8R,10S,13R,14S,17R)-3-[4,5-dihydroxy-6-(hydroxymethyl)-3-[3,4,5-trihydroxy-6-(hydroxymethyl)oxan-2-yl]oxyoxan-2-yl]oxy-14-hydroxy-10,13-dimethyl-1,2,3,4,5,6,7,8,9,11,12,15,16,17-tetradecahydrocyclopenta[a]phenanthren-17-yl]-2H-furan-5-one",M+Cl,C35H54O14,2.12434689136192,19.0986666666667,"AR, CA, PA","Steroid lactones",,
523.175704165584,Terretonin,M+Cl,C26H32O9,3.42123608069658,22.8507666666667,PA,"Steroid lactones",,
483.162539321563,"1H,3H-Oxireno[c]pyrano[4'',3'':2',3']furo[3',4':5,6]naphtho[1,2-d]pyran-3,8,10(6H,9aH)-trione, 12-(3-furanyl)-4,4a,8a,12,12a,13,14,14a-octahydro-7-hydroxy-6,6,8a,12a-tetramethyl-, (4aS,8aR,8bR,9aS,12S,12aS,14bR)-",M-H,C26H28O9,-7.2633501284303,10.6818,"CA, PA, RJ","Steroid lactones",,
709.42294474583,"[17-(2,6-dihydroxy-6-methyl-3-oxoheptan-2-yl)-3-hydroxy-4,4,9,13,14-pentamethyl-2-[3,4,5-trihydroxy-6-(hydroxymethyl)oxan-2-yl]oxy-2,3,7,8,10,11,12,15,16,17-decahydro-1H-cyclopenta[a]phenanthren-16-yl] acetate",M-H,C38H62O12,8.5776292444034,18.2536833333333,"RJ, SU","Steroidal glycosides",,
723.388641778216,"[(6R)-6-[(2S,3S,9R,13R,14S,16R)-2,16-dihydroxy-4,4,9,13,14-pentamethyl-11-oxo-3-[(2R,3R,4S,5S,6R)-3,4,5-trihydroxy-6-(hydroxymethyl)oxan-2-yl]oxy-1,2,3,7,8,10,12,15,16,17-decahydrocyclopenta[a]phenanthren-17-yl]-6-hydroxy-2-methyl-5-oxoheptan-2-yl] acetate",M-H,C38H60O13,-10.317135930394,14.2646833333333,"CA, RJ, SU","Steroidal glycosides",,
797.422673950925,"Pregn-5-en-20-one, 3-[[O--6-deoxyhexopyranosyl-(1->4)-O--2,6-dideoxy-3-O-methylhexopyranosyl-(1->4)-2,6-dideoxy-3-O-methylhexopyranosyl]oxy]-11,12,14-trihydroxy-, (3beta,8xi,9xi,12beta,14beta)-",M-H,C41H66O15,-12.8012435462728,26.3005333333333,"AR, CA","Steroidal glycosides",,18
595.1657,"2-(beta-D-Glucopyranosyloxy)benzyl 3-(hexopyranosyloxy)-6-hydroxy-2-methoxybenzoate",M-H2O-H,C27H34O16,-1.79911987612206,1.08175,PA,Carbohydrates,,
459.1092,"2-Cyclohexene-1-carboxylic acid, 1-hydroxy-6-oxo-, [2-(beta-D-glucopyranosyloxy)phenyl]methyl ester",M+Cl,C20H24O10,6.82312055327297,12.4394666666667,PA,Carbohydrates,,
887.272179775296,Ballotetroside,M-H,C39H52O23,4.79638654225704,5.64588333333333,"AR, PA, RJ, SU,",Carbohydrates,,
537.203630299557,"3-Hydroxy-1-(3-hydroxy-4-methoxyphenyl)-2-{4-[(1E)-3-hydroxy-1-propen-1-yl]-2-methoxyphenoxy}propyl beta-D-glucopyranoside",M-H,C26H34O12,10.9255881443831,1.01416666666667,PA,Carbohydrates,,
353.086717233702,Clove-3,M-H,C16H18O9,-3.07399806790738,9.49886666666667,"AR, CA, PA, SU",Carbohydrates,,
405.124019278099,"4-Hydroxy-2-(hydroxymethyl)phenyl 2-O-benzoyl-beta-D-glucopyranoside",M-H,C20H22O9,12.0982746589863,8.01171666666667,"AR, PA",Carbohydrates,,
149.010608051083,"D-Tartaric acid",M-H,C4H6O6,9.64276530586709,18.08385,"AR, CA, PA, RJ, SU",Carbohydrates,,
181.074271587323,Dulcitol,M-H,C6H14O6,13.7844147711862,0.912833333333333,"AR, CA, RJ, SU",Carbohydrates,,
429.247904063771,"Spiro[naphthalene-1(2H),2'-oxirane]-2,3-diol, octahydro-5,6,8a-trimethyl-5-[2-(tetrahydro-3,4-dihydroxy-2,5-dimethoxy-3-furanyl)ethyl]-",M-H,C22H38O8,-3.4576555799303,10.8186666666667,"CA, PA, SU","Carbohydrates ",,
591.265908914846,"(2S,3R,4S,5S,6R)-2-[4,6-dihydroxy-2-nonyl-3-[(2S,3R,4S,5S,6R)-3,4,5-trihydroxy-6-(hydroxymethyl)oxan-2-yl]oxyphenoxy]-6-(hydroxymethyl)oxane-3,4,5-triol",M-H,C27H44O14,0.133826651087567,9.87236666666667,CA,Carbohydrates,,
533.18086623191,"(2E)-3-[4-(beta-D-Glucopyranosyloxy)-3,5-dimethoxyphenyl]-2-propen-1-yl beta-D-glucopyranoside",M-H,C23H34O14,-12.5667633021951,1.08181666666667,"CA, RJ",Carbohydrates,,
473.161737028719,"4-Allyl-2-(beta-D-glucopyranosyloxy)phenyl beta-D-glucopyranoside",M-H,C21H30O12,-9.93926031492724,1.01421666666667,"AR, CA, RJ, SU",Carbohydrates,,
539.149728152484,"Aloeresin A",M-H,C28H28O11,-11.3986459509593,1.01421666666667,"AR, CA, RJ",Carbohydrates,,
535.185707866596,"[4-[3,4,5-trihydroxy-6-(hydroxymethyl)oxan-2-yl]oxyphenyl]methyl 3-acetyloxy-2-hydroxy-2-[(4-hydroxyphenyl)methyl]butanoate",M-H,C26H32O12,6.72866303215522,0.980366666666667,"CA, PA, SU",Carbohydrates,,
925.285418187053,"[2-[4-[3,4-dihydroxy-6-methyl-5-(3,4,5-trihydroxy-6-methyloxan-2-yl)oxyoxan-2-yl]oxy-3-hydroxy-6-(hydroxymethyl)-5-[(E)-3-(4-hydroxyphenyl)prop-2-enoyl]oxyoxan-2-yl]oxy-3,4-dihydroxy-5-(hydroxymethyl)oxolan-2-yl]methyl (E)-3-(4-hydroxyphenyl)prop-2-enoate",M-H,C42H54O23,-13.919124283319,1.4536,"CA, PA, SU",Carbohydrates,,
583.159123054324,Henryoside,M-H,C26H32O15,-13.2166644272949,9.49888333333333,"AR, CA, PA, RJ",Carbohydrates,,
424.917517788061,"5-PHOSPHO-D-RIBOSE 1-DIPHOSPHATE",M+Cl,C5H13O14P3,-9.48448640740319,0.845183333333333,"AR, CA, PA, SU",Carbohydrates,,
487.173360466393,"D-Glucitol, 1,5-anhydro-1-C-[2,6-dihydroxy-3-(methoxycarbonyl)-4-[(3Z,5Z)-3,5-nonadien-1-yl]phenyl]-, (1S)-",M+Cl,C23H32O9,-1.48922819130172,15.31305,"AR, RJ",Carbohydrates,,
241.015415466595,"D-FRUCTOSE 6-PHOSPHATE",M-H2O-H,C6H13O9P,13.6059972804462,12.5744,"CA, PA, RJ, SU",Carbohydrates,,
529.24120599675,"5-[5-[3,4-dihydroxy-5-(hydroxymethyl)oxolan-2-yl]oxy-3-hydroxy-6-methyloctanoyl]oxy-3-hydroxy-6-methyloctanoic acid",M+Cl,C23H42O11,-1.83596085205599,22.7493666666667,"AR, CA",Carbohydrates,,
497.174266776912,"[3,4,5-trihydroxy-6-[(3,4,5-trihydroxyoxan-2-yl)oxymethyl]oxan-2-yl] 2,6,6-trimethylcyclohexene-1-carboxylate",M+Cl,C21H34O11,-11.3507439424618,22.7831666666667,"CA, RJ",Carbohydrates,,
525.096872876312,"Hyemaloside B",M-H2O-H,C26H24O13,-12.8221825477185,6.01765,"CA, PA, RJ",Carbohydrates,,
571.162167035218,"[4-[3,4,5-trihydroxy-6-(hydroxymethyl)oxan-2-yl]oxyphenyl]methyl 3-acetyloxy-2-hydroxy-2-[(4-hydroxyphenyl)methyl]butanoate",M+Cl,C26H32O12,6.32103955490392,6.22043333333333,"AR, RJ, SU",Carbohydrates,,
359.07913626213,"Naphtho[2,3-c]furan-1(3H)-one, 8-(beta-D-glucopyranosyloxy)-9-hydroxy-",M-H2O-H,C18H18O9,5.01257202152673,0.980366666666667,"CA, RJ",Carbohydrates,,
557.163115351163,"Podophyllotoxin glucoside",M-H2O-H,C28H32O13,-5.78740067768461,0.980366666666667,"PA, SU",Carbohydrates,,
475.154703004705,"[4-[3,4,5-trihydroxy-6-(hydroxymethyl)oxan-2-yl]oxyphenyl]methyl 2,3-dihydroxy-2-[(4-hydroxyphenyl)methyl]butanoate",M-H2O-H,C24H30O11,-12.6829649628471,1.04796666666667,SU,Carbohydrates,,
481.062128412314,Paederoside,M+Cl,C18H22O11S,9.96347984875875,1.11556666666667,"AR, SU",Carbohydrates,,
751.256994455027,Cassifolioside,M-H2O-H,C35H46O19,14.9381746873771,1.62258333333333,"CA, SU",Carbohydrates,,
461.119311235706,"2-(beta-D-Glucopyranosyloxy)benzyl 1,6-dihydroxy-2-cyclohexene-1-carboxylate",M+Cl,C20H26O10,-6.30547304581567,6.49081666666667,"CA, PA, RJ",Carbohydrates,,
529.149243616563,"[4-[3,4,5-trihydroxy-6-(hydroxymethyl)oxan-2-yl]oxyphenyl]methyl 2,3-dihydroxy-2-[(4-hydroxyphenyl)methyl]butanoate",M+Cl,C24H30O11,2.08535711831515,6.76118333333333,"SU, PA",Carbohydrates,,
403.196475317609,"(2R,3S,4S,5R,6R)-2-[[(2R,3R,4R)-3,4-dihydroxy-4-(hydroxymethyl)oxolan-2-yl]oxymethyl]-6-oct-1-en-3-yloxyoxane-3,4,5-triol",M-H2O-H,C19H34O10,-2.08625453844189,7.50473333333333,"CA, RJ",Carbohydrates,,
433.185850212375,"D-Glucitol, 1,5-anhydro-1-C-[2,6-dihydroxy-3-(methoxycarbonyl)-4-[(3Z,5Z)-3,5-nonadien-1-yl]phenyl]-, (1S)-",M-H2O-H,C23H32O9,-2.08151318460123,12.10125,SU,Carbohydrates,,32
519.183604784928,"(2R,3S,10S)-3,13-dihydroxy-2-[(1S)-1-hydroxyheptyl]-10-[(R)-hydroxy-(6-oxo-2,3-dihydropyran-2-yl)methyl]-6,14-dioxatricyclo[10.3.0.04,8]pentadeca-1(12),4(8)-diene-5,7,15-trione",M-H,C26H32O11,-6.88324220089755,1.01416666666667,SU,"Carboxylic acids",,
575.381061130238,"5-[5-(3,5-dihydroxydecanoyloxy)-3-hydroxydecanoyl]oxy-3-hydroxydecanoic acid",M-H,C30H56O10,1.71685017248991,19.6394166666667,"AR, CA, SU","Carboxylic acids",,
679.256006379642,"2-[[2-(1,3-dicarboxypropyl)-6,6,9a-trimethyl-5-[(2E,4E,6E)-octa-2,4,6-trienoyl]oxy-1-oxo-4,5,5a,7,8,9-hexahydro-3H-benzo[e]isoindol-4-yl]amino]pentanedioic acid",M+Cl,C33H44N2O11,-12.2694762596792,19.6394166666667,"AR, CA, PA","Carboxylic acids",,
233.019550392821,"Vanillylmandelic acid",M+Cl,C9H10O5,-13.5030929268158,6.05145,"CA, RJ, SU","Carboxylic Acids",,
625.275604224865,"2-[[2-(1,3-dicarboxypropyl)-6,6,9a-trimethyl-5-[(2E,4E,6E)-octa-2,4,6-trienoyl]oxy-1-oxo-4,5,5a,7,8,9-hexahydro-3H-benzo[e]isoindol-4-yl]amino]pentanedioic acid",M-H2O-H,C33H44N2O11,-1.65280156549565,9.36368333333333,RJ,"Carboxylic acids",,
835.359965895647,Cyclo[glycylprolyltryptophylglycyl-beta-hydroxy-3-(3-methyl-2-buten-1-yl)tyrosylglycylvalyl],M+Cl,C41H52N8O9,6.04622673288862,9.56646666666667,"CA, PA, SU","Carboxylic acids",,
519.187823732199,"(2R,3S,10S)-3,13-dihydroxy-2-[(1S)-1-hydroxyheptyl]-10-[(R)-hydroxy-(6-oxo-2,3-dihydropyran-2-yl)methyl]-6,14-dioxatricyclo[10.3.0.04,8]pentadeca-1(12),4(8)-diene-5,7,15-trione",M-H,C26H32O11,1.22708495638908,23.1211333333333,SU,"Carboxylic acids",,
501.2467,"1-[(2E,4E)-6,7-Dihydroxy-2,4-octadienoyl]prolyl-N-methylvalyl-N~2~-methylalaninamide",M+Cl,C23H38N4O6,-3.88540276192075,13.1154,PA,"Carboxylic acids",,
815.3888,"2,3,4,5,6-pentahydroxyhexyl 2-[2-[2-[2-(2-acetyloxy-3-methylbutanoyl)oxy-3-methylpentanoyl]oxy-3-methylpentanoyl]oxy-3-methylpentanoyl]oxy-3-methylpentanoate",M+Cl,C37H64O17,6.45057718662515,11.8986333333333,PA,"Carboxylic acids",,
803.4441,"2-[5-[2-[2-[5-[2-[2-[5-[2-[2-[5-(2-hydroxybutyl)oxolan-2-yl]propanoyloxy]propyl]oxolan-2-yl]propanoyloxy]propyl]oxolan-2-yl]propanoyloxy]propyl]oxolan-2-yl]propanoic acid",M+Cl,C41H68O13,11.3008137525823,17.8815333333333,PA,"Carboxylic acids",,
554.3859,"methyl 3-hydroxy-2-[[3-hydroxy-2-[[2-[(3-hydroxy-2,4-dimethyltetradecanoyl)amino]-3-methylbutanoyl]amino]butanoyl]amino]propanoate",M-H2O-H,C29H55N3O8,8.45246000604336,17.3069,PA,"Carboxylic acids",,
553.1542,"4-[7-acetyloxy-5-chloro-3-[(1E,3E)-3,5-dimethylhepta-1,3-dienyl]-7-methyl-6,8-dioxoisoquinolin-2-yl]-5-amino-5-oxopentanoic acid",M+Cl,C26H31ClN2O7,5.44102912215484,5.30711666666667,PA,"Carboxylic acids",,
379.19542798906,Clausarin,M-H,C24H28O4,10.3762696825152,19.30145,"CA, RJ, SU",Coumarins,,
377.112055975251,4-hydroxy-5-methyl-3-[2-methyl-1-(4-methyl-5-oxooxolan-2-yl)but-3-en-2-yl]chromen-2-one,M+Cl,C20H22O5,-11.8929330778126,16.4624,"AR, SU, PA",Coumarins,,
609.106788736379,"Edgeworoside A",M-H2O-H,C33H24O13,4.67908123921192,1.38593333333333,SU,Coumarins,,
425.193882946999,"
8-(2,4-dihydroxy-6-pentylphenoxy)-6-hydroxy-3-pentylisochromen-1-one",M-H,C25H30O6,-7.22494095827737,10.7172833333333,"AR, CA, RJ, SU, PA",Isocoumarins,,16
335.081076551689,"2-(4a,9,10a-trihydroxy-1-methyl-5,10-dioxo-3,4-dihydro-1H-benzo[g]isochromen-3-yl)acetic acid",M-H,C16H16O8,11.4123498378572,0.912766666666667,"AR, SU, PA",Naphthopyrans,,
517.11786738838,Cephalochromin,M-H,C28H22O10,7.42474641194309,14.9075,"AR, RJ",Naphthopyrans,,
395.101139557029,Futalosine,M-H2O-H,C19H18N4O7,3.45733633456655,8.72145,"AR, CA",Nucleosides,,
431.1058,"2,4(1H,3H)-Pyrimidinedione, 1-[2-O-acetyl-3-O-(4-hydroxy-2-methoxy-6-methylbenzoyl)pentofuranosyl]-",M-H2O-H,C20H22N2O10,-8.38468772727786,13.1154,PA," Nucleosides",,
655.144506613091,"2-[5-[[4-acetyloxy-5-(2,4-dioxopyrimidin-1-yl)-3-(4-hydroxy-2-methoxy-6-methylbenzoyl)oxyoxolan-2-yl]methoxycarbonyl]-2-hydroxyphenoxy]prop-2-enoic acid",M-H,C30H28N2O15,4.28994674660437,1.38593333333333,"AR, CA, PA, SU",Nucleosides,,
243.064367357708,Uridine,M-H,C9H12N2O6,8.63556321317236,7.77663333333333,"AR, CA, RJ, SU,PA",Nucleosides,,
463.134549642169,"Kioukasin A",M-H,C21H24N2O10,-2.73385670288609,4.96986666666667,AR,Nucleosides,,
281.085967584327,3'-O-Methylinosine,M-H,C11H14N4O5,-11.256965463933,11.1887333333333,"AR, PA, RJ, PA",Nucleosides,,
713.2303,"15-(2-Amino-2-oxoethyl)-10,11,23-trihydroxy-18-[(3-methyl-2-oxopentanoyl)amino]-9,14,17-trioxo-N-[(1Z)-1-propen-1-yl]-8,13,16-triazatetracyclo[18.3.1.0~2,7~.0~6,10~]tetracosa-1(24),2,4,6,20,22-hexaene-12-carboxamide",M+Cl,C33H38N6O10,-5.99072906854509,1.01416666666667,PA,"Amino acids",,
445.155359421797,"Methyl 3-(3,4-dihydroxy-2,2-dimethyl-1-oxo-3aH-imidazo[1,2-a]indol-4-yl)-2-(4-oxoquinazolin-3-yl)propanoate",M-H2O-H,C24H24N4O6,7.7903328392767,13.2845333333333,"AR, CA, RJ, SU","Amino acids",,
465.271473353445,"1-[(2E,4E)-6,7-Dihydroxy-2,4-octadienoyl]prolyl-N-methylvalyl-N~2~-methylalaninamide",M-H,C23H38N4O6,-0.826049776098638,11.3577333333333,"AR, CA","Amino acid",,
475.195769070776,"1H-Imidazo[1,2-a]indole-9-propanoic acid, 2,3,9,9a-tetrahydro-9-hydroxy-2-(2-methylpropyl)-3-oxo-alpha-(4-oxo-3(4H)-quinazolinyl)-, methyl ester",M-H,C26H28N4O5,-6.14127576858106,9.6693,CA,"Amino acids",,
533.367167001298,"6-(diaminomethylideneamino)-2-[[(4E,6E,12E,14E)-3-hydroxy-2-(hydroxymethyl)-8,10,16-trimethyloctadeca-4,6,12,14-tetraenoyl]amino]hexanoic acid",M-H,C29H50N4O5,-6.8814329393257,23.9653,"AR, PA","Amino acids",,
686.310090102159,Ferrichrome,M-H,C27H45N9O12,-2.03891844130654,15.7859166666667,"AR, PA","Amino acid",,14
349.113168889205,Curcumin,M-H2O-H,C21H20O6,13.6411190845368,8.92433333333333,SU,Diarylheptanoids,,
367.113262579138,Curcumin,M-H,C21H20O6,-14.8029419116243,7.2681,"PA, CA, RJ",Diarylheptanoids,,
431.165263951606,"[5-acetyloxy-1,7-bis(3,4-dihydroxyphenyl)heptan-3-yl] acetate",M-H,C23H28O8,-13.5996398515532,1.41975,"AR, SU",Diarylheptanoids,,
665.259321935426,"[(2R,3S,4S,5R,6R)-6-[1,7-bis(4-hydroxyphenyl)-5-oxoheptan-3-yl]oxy-3,4,5-trihydroxyoxan-2-yl]methyl (E)-3-(3,4-dimethoxyphenyl)prop-2-enoate",M-H,C36H42O12,-1.54354525456285,1.01416666666667,"PA, RJ, SU",Diarylheptanoids,,
431.134982840046,"Tryptoquivaline L",M-H,C23H20N4O5,-2.56971744056713,5.5783,"AR, SU, PA",Alkaloids,,
494.22515922338,Cytochalasine,M-H,C28H33NO7,13.5963366149063,8.38351666666667,"PA, RJ",Alkaloids,,
411.111705060873,"Austocystin D",M-H,C22H20O8,7.67719863665983,12.0000166666667,"CA, PA, RJ, SU",Xanthones,,
427.107004406247,"15-(1,3-dihydroxy-3-methylbutyl)-2,4,18-trihydroxy-7,9,13-trioxapentacyclo[10.8.0.03,10.04,8.014,19]icosa-1,3(10),5,11,14,16,18-heptaen-20-one",M-H,C22H20O9,8.28902557255839,10.6143166666667,PA,Xanthones,,
471.076013877037,Irisxanthone,M+Cl,C20H20O11,13.8755163639028,5.95005,"AR, CA, PA",Xanthones,,
459.098778748924,"Galloyl 6-O-coumaroyl-hexopyranoside",M-H2O-H,C22H22O12,11.4904848752914,8.75525,"AR, CA, SU, PA",Tannin,,
629.115996606571,"[(2S,3R,4S,5S,6R)-4,5-dihydroxy-6-[[(E)-3-(4-hydroxyphenyl)prop-2-enoyl]oxymethyl]-2-(3,4,5-trihydroxybenzoyl)oxyoxan-3-yl] 3,4,5-trihydroxybenzoate",M-H,C29H26O16,1.88581200405607,14.9075,"CA, RJ, SU",Tannins,,
728.223063408161,"2-[[4-[4-(2,4-dimethoxy-6-methylbenzoyl)oxy-2-methyl-6-[(2S,3R,4S,5S,6R)-3,4,5-trihydroxy-6-(hydroxymethyl)oxan-2-yl]oxybenzoyl]oxy-2-hydroxy-6-methylbenzoyl]amino]propanoic acid",M-H,C35H39NO16,4.73881551408601,0.980416666666667,"CA, RJ",Tannins,,
585.320647370658,Desmethylenylnocardamine,M-H,C26H46N6O9,-8.02151745438822,16.5645333333333,"CA, AR, SU",Macrolactams,,
583.341262145847,Dehydroxynocardamine,M-H,C27H48N6O8,-8.25518787506536,12.2702666666667,AR,Macrolactams,,
607.291197421473,"Desferrioxamine X1",M+Cl,C25H44N6O9,8.42034352752837,23.5605,SU,Macrolactams,,15
